CorFolhaApical;CorPeciolo;CorFolhaDesenv;CorNerv;CorCortexCaule;CorExternaCaule;CorEpidCaule;CorRamosTerm;CorExternaRzs;CorCortexRzs;CorPolpaRzs;NLobulos;Pubescencia;FormaLobuloCentral;PosicaoPeciolo;Sinuosidade;ComprEstip;HabCrescCaule;TipoPlan;MargEstip;HabRamif;NiveisRam;ProemCicatrizesFolhas;FormaRzs;TxtEpidermeRzs;PresPedunculoRzs;PosicaoRzs;Flowering;DestqPelicRz;DestqCortexRz;ConstrRzs;ComprFilotaxia;AnguloRamif;ComprLobulo;LargLobulo;RelComprLar;ComprPeciolo;EspEntreCasca;ComprMedRzs;DiamMedRzs;HCNPic;NR;PA;DRY;DMCsg;PTR;PPA;IC;AP
BGM-0004;3;5;5;3;3;7;2;3;1;1;1;5;1;5;3;3;5;1;2;1;1;0;1;2;3;5;3;0;4;3;2;3;0;16.02;5.96;2.694376424;23.96;3.153333333;26.80833333;54.43;7.85020677948608;4.60560398496087;3.7575920937548;5.81020728187059;37.435143286584;14.0793744939563;26.8064816437392;37.6785216569809;1.90258277369036
BGM-0032;7;1;5;3;3;7;1;3;3;1;1;5;0;7;3;3;5;1;1;1;1;0;2;2;7;0;3;0;4;3;2;3;0;16.58;4.56;3.635173661;27.4;1.983333333;24.16666667;67.36666667;7.27866053785324;4.38290327452157;3.32668770780925;6.54931539586696;35.3150538338324;17.802114342348;21.1316796182007;44.3334211197071;1.78742245304846
BGM-0111;5;5;5;3;3;6;3;5;4;2;1;5;1;5;3;3;5;1;2;1;2;2;2;1;7;3;3;0;4;3;1;3;100;15.54;2.52;6.193107395;20.48;2.546666667;21.33333333;55.96666667;6.18753892481935;4.03559442651072;3.22282428637716;6.23616597837418;33.4744188891979;23.0426191929579;20.826291472291;46.7425950238963;1.8618735373687
BGM-0115-TB;7;3;5;3;3;9;4;3;4;2;1;3;0;5;3;3;5;1;1;1;1;0;2;2;7;3;2;0;3;3;2;3;0;12.54;2.74;4.629893323;13.76;2.096666667;37;41.83666667;7.76339745519747;5.53963926015087;3.20157315461928;5.44602574195063;36.7959896799308;25.5604391583808;22.1916734856569;52.8313661007706;2.1350706025772
BGM-0124;5;3;5;5;3;8;3;5;1;1;1;5;1;5;3;7;5;1;1;1;2;2;2;3;3;5;3;0;4;3;3;5;90;15.7;4.98;3.163739648;28.36;2.766666667;26.575;60.10416667;7.92154278878565;4.54826014469069;3.20647616818865;5.91955864505207;35.0360186361807;20.2628616811879;15.7713698869659;58.0930509129548;1.7698397738845
BGM-0137;5;3;5;3;3;9;3;5;4;1;1;7;1;5;7;7;5;1;1;1;1;0;2;2;7;5;3;0;3;3;1;3;0;16.14;3.5;4.612912797;28.2;2.85;24.45833333;61.1675;7.92154278878565;3.2482176053211;3.59880149813486;5.13252537363919;33.4713933019909;14.4299286945074;16.7847084872895;40.0553151104753;1.83582502360801
BGM-0143;7;5;3;5;3;6;2;5;4;1;1;5;1;2;3;3;5;1;1;1;1;0;2;3;7;5;2;0;3;3;1;5;0;16.64;6.06;2.747237019;29.62;1.976666667;23.33333333;56.15;6.89363505346206;3.76811362563213;3.30471310190585;4.11073153833406;36.410237053427;16.443824206605;27.9403191429063;32.1164953246675;1.90683810868596
BGM-0155;5;5;5;3;3;9;2;3;3;1;1;3;0;5;3;3;5;1;4;1;2;0;1;2;7;5;2;0;3;3;1;5;100;10.98;3.14;3.507023429;13.74;2.153333333;29.83333333;63.42666667;4.51315836526242;3.72432165949095;2.50077425275151;6.75979422936316;35.3037719843964;23.7779321490156;24.0535269467424;51.5722139414476;2.00374868450661
BGM-0162;3;2;3;3;3;6;2;3;4;1;1;5;1;5;3;3;3;1;1;1;2;2;2;3;7;0;3;0;3;3;2;5;90;11.08;2.66;4.163756614;13.96;3.135;24.75;64.62916667;7.98510760337044;4.24997352863428;3.07510943320613;6.10756994394946;36.0063896678455;20.5975617476898;26.4014842936825;42.4032242300322;2.12831634756718
BGM-0167;3;7;5;5;3;6;2;5;4;1;1;7;1;5;3;7;5;1;2;1;1;0;2;3;7;5;3;0;4;3;2;3;0;19.06;4.9;3.890843137;29.74;3.416666667;30.04166667;59.31916667;3.86045969055467;3.98619186339144;2.50685804250302;6.81828790291997;34.7332856044388;26.1122002867795;28.5288311302514;42.8739229185422;2.30062452589257
BGM-0174;3;7;5;5;3;6;2;5;3;1;1;5;1;5;3;3;5;1;1;1;1;2;2;2;7;5;3;0;3;3;3;5;90;10.16;3.12;3.269003456;15.68;2.54;22.66666667;67.79666667;4.29280085498964;3.20440417437464;3.47458206116605;5.66141379927117;34.654956976074;12.4660382809199;25.5348289524869;27.7213295818313;2.03889738960532
BGM-0209;9;3;5;3;3;6;2;5;4;1;1;5;0;2;3;7;5;1;1;1;1;0;2;2;7;5;3;0;3;3;2;3;0;18.44;6.26;2.946176003;27.28;2.9;29.70833333;64.43666667;7.92154278878565;4.96607801805223;2.90267259327388;5.10555076101502;33.3222294966082;17.1597768589126;21.8728603625118;45.0530323354442;2.01433472161526
BGM-0213;3;7;5;5;1;3;3;5;4;4;1;5;1;2;3;3;5;1;1;1;2;3;1;2;7;3;3;1;3;3;3;3;110;13.62;4.28;3.183680159;18.96;2.336666667;22.54166667;53.0525;3.25376754955469;3.46627437827513;4.05034475541477;4.64796704056235;32.7763797336125;13.6065637255509;15.7765002513713;47.7321367018543;1.76500674199206
BGM-0222;5;3;5;3;3;6;2;5;3;1;1;5;1;5;3;7;5;1;2;1;2;1;2;3;3;3;3;0;4;3;2;5;80;8.14;2.74;2.978953704;10.48;2.93;26.04166667;59.5775;2.94033151913364;4.16245278205094;3.48200895968474;5.9412105344519;34.2720339075201;16.5585044483872;17.5255066287653;45.7349648000806;1.97538819686977
BGM-0240;5;7;5;3;3;6;1;5;1;1;1;5;1;5;3;7;5;1;1;1;2;1;2;1;3;5;3;0;4;3;3;5;100;13.92;3.16;4.401965384;14.02;3.803333333;25.75;71.83166667;7.77784216764392;4.85208385147119;3.66727440238365;6.11102582045805;34.4002611334903;20.3872775667387;15.8400773538716;55.8032726959653;1.7878130101136
BGM-0252;5;5;3;3;2;5;4;3;4;3;2;3;1;5;1;3;3;1;1;1;3;2;1;3;7;5;3;1;3;5;2;5;120;12.38;3.8;3.277371284;15.56;1.39;25.66666667;52.61;3.81308749104245;4.74721222726608;3.3184954176502;6.57999011189435;32.3528380589488;18.931736092241;20.5446583081128;48.1275822067453;1.90852572718254
BGM-0260;3;9;3;5;3;3;4;5;4;4;1;5;1;5;3;7;5;1;1;1;2;1;1;2;7;3;2;0;3;3;1;5;90;14.94;4.92;3.040997268;23.7;2.52;24.75;46.7275;3.37810949793085;4.18575833178413;3.3947549382194;5.20737854326993;35.7816594075972;13.4259830414779;15.038355886392;41.8548687876011;1.8549795961425
BGM-0261;3;7;5;3;3;6;3;5;4;3;1;5;1;5;3;7;5;1;1;1;1;0;2;2;7;5;3;0;3;3;1;5;0;11.32;2.54;4.491560847;14.04;2.17;26.54166667;56.57416667;7.97510675976724;4.40480189736377;2.85564856441661;6.40090805561955;34.0352483998557;20.8431876414811;21.3765610095028;48.3011437991682;2.34653818482465
BGM-0269;5;1;5;3;3;6;2;3;3;2;2;5;1;5;3;7;5;1;1;1;3;1;2;3;3;3;3;1;3;3;3;5;80;16.52;3.52;4.704120887;20.02;1.86;18.20833333;47.23166667;8.04182122692722;3.44715976485174;3.36554489349743;4.19767525708649;35.7629025828186;11.3673242699479;12.975769767346;44.063955618233;1.729827341002
BGM-0276;7;2;3;3;3;9;3;3;4;1;1;5;1;5;3;3;5;1;1;1;2;2;2;3;7;3;2;1;3;5;1;5;110;16.36;4.56;3.592107661;17.5;1.023333333;28;56.22;4.8396432411396;3.98196535743372;3.17407939375308;6.14846716087359;35.4421570816285;22.8675213398731;23.4850671908795;49.3549936468693;2.15450403126049
BGM-0284;5;7;5;5;3;7;3;5;4;1;1;5;0;2;7;7;5;1;2;1;3;2;2;2;7;5;3;0;3;3;1;5;100;12.54;3.68;3.412568752;21.64;2.213333333;25.875;53.57666667;4.98448242822365;3.72241019814861;2.93056028517876;5.74360655879306;34.9508198521795;17.1102275412932;18.6201437331102;44.0400730264167;2.24624973305172
BGM-0298;7;7;5;5;3;9;2;5;1;1;1;5;0;5;3;3;5;1;2;1;1;1;2;2;3;5;3;0;3;3;2;5;90;16.8;3.78;4.452591887;24.5;2.393333333;27.08333333;50.48916667;8.02076166978971;4.0033950154725;3.82464513014729;5.56296863382688;34.7001965196219;18.174445047;26.1719305350002;38.4540061800926;1.94388133737884
BGM-0310;5;3;5;3;3;9;3;3;4;3;1;5;1;5;3;7;5;1;2;1;2;2;2;4;7;5;3;0;4;3;1;5;100;13.82;4.02;3.434844099;23.54;2.736666667;8.666666667;53.28;7.86122400658178;3.25742544321967;4.15465696037877;5.1144826861859;34.0278584154334;16.353887542944;19.7471854453804;30.0177615725315;1.75115166172283
BGM-0315;7;7;5;3;3;7;1;5;1;1;1;5;1;3;3;7;5;2;1;1;2;1;2;2;3;5;3;0;4;7;3;7;80;13.7;2.84;4.888382422;16.86;2.25;24.33333333;52.69666667;5.51274717202405;3.48735213613056;2.7582390961024;4.66641354039076;35.4347121001534;11.9051937597167;21.0188145314335;35.4630760495491;1.95312972326001
BGM-0316;3;3;5;3;3;9;2;3;4;1;1;3;1;5;3;3;5;1;1;1;1;0;1;2;7;5;3;0;3;3;1;5;0;16.56;5.34;3.106825955;21.02;2.04;33.33333333;68.71333333;6.18753892481935;3.94532969448903;2.88930172065029;5.56238879052545;35.7449107869349;18.5512129045952;19.1329557721532;50.0441953882415;2.04111822901075
BGM-0320;7;2;5;5;3;9;4;5;4;1;1;5;1;5;5;3;3;1;2;1;3;3;1;1;7;5;3;0;3;5;1;5;110;16.04;4.44;3.612626263;19.8;2.186666667;35.66666667;69.24;6.18753892481935;4.95721254302429;3.42573504900262;5.92340601873858;35.2443052685301;28.600398515277;24.9307092408482;50.4887323955705;2.20235372958775
BGM-0326;5;5;5;3;3;8;2;5;2;2;1;5;1;5;3;3;5;1;1;1;1;1;2;1;3;5;3;0;4;7;2;5;70;12.62;3.84;3.293735113;20.38;1.643333333;23.38888889;58.11888889;6.18753892481935;5.137231190238;2.3486522521043;4.46627316834313;33.0817824288459;14.3008864330824;24.1139986127979;34.6873613218857;2.26727199130644
BGM-0420;5;2;5;3;3;9;3;5;3;1;1;5;1;5;3;7;5;1;1;1;2;2;2;2;7;0;3;0;4;3;2;5;80;17.46;5.5;3.1748557;22.48;2.196666667;27.91583333;65.605;4.31931774808064;3.79954799664349;3.01821472281891;6.77469560251997;35.6174783946593;19.1405905487578;18.3648701943503;46.9634314367175;2.00640800465932
BGM-0439;5;7;5;5;3;9;3;5;3;3;1;5;1;5;7;7;5;1;2;1;2;2;2;3;7;5;3;0;3;3;1;5;110;11.12;3.02;3.708328338;18.98;2.64;22.5;55.06833333;4.33179695202126;3.72610527032917;3.58525953682647;5.37756770505683;35.7411611862689;16.6653505317044;15.4008846061084;44.7256285403324;2.16015791298467
BGM-0461;5;5;5;3;3;3;4;5;4;3;1;5;1;5;7;7;5;1;2;1;2;3;2;3;7;3;3;1;3;3;3;5;100;15.14;4.36;3.485716925;17.44;2.256666667;22.41666667;50.1475;3.15780861577895;3.15648979031203;3.90659592364337;3.86592514956516;34.2220618545977;9.57865395256695;18.6602136687769;27.028540197521;1.7822043303508
BGM-0476;5;7;5;5;3;7;1;5;3;1;1;5;1;5;3;3;3;1;1;1;2;0;1;3;7;5;3;0;3;3;1;3;70;18.06;4.72;3.842533787;25.74;1.166666667;19.77777778;42.63666667;5.24337607723627;3.79634914823542;3.30548213139955;5.11966980858541;33.4080232750672;11.469010116661;11.3355450448098;50.6412433133686;1.61753139798226
BGM-0500;5;5;5;5;2;5;3;5;4;1;1;5;1;5;1;7;5;1;3;1;3;1;2;2;7;5;3;0;3;5;1;5;90;11.16;3.5;3.188157914;12.22;2.683333333;32.8125;74.70583333;7.37932353279705;4.69432254345369;3.53140446963048;6.30022778372031;33.9027845585278;20.7941456382148;18.8184940295698;52.9877270773614;1.84893980531367
BGM-0510;5;1;5;3;3;3;3;3;4;4;1;5;1;5;3;3;5;1;2;1;2;3;2;2;7;5;3;0;3;3;1;3;90;10.72;3.72;2.881017871;12.48;2.536666667;26;55.39;3.88567711685818;4.05499309983947;4.17683371774054;5.32002175768179;32.6900236833954;18.8134615123815;23.5781556070396;42.6314018098662;1.94362914722891
BGM-0562;7;7;3;5;2;7;1;5;4;1;1;5;1;5;3;3;5;1;1;1;1;1;2;2;7;5;3;0;4;3;2;5;0;14.76;4.12;3.618189504;25.14;2.503333333;26;59.32666667;6.20771849935347;3.90200749302269;3.00258899517571;5.0025984091536;35.3533873247845;16.1746649967596;21.5364702363622;42.79907605021;2.17711960190622
BGM-0610;9;7;5;3;2;5;4;5;3;1;1;5;1;4;3;7;5;1;1;1;2;3;2;3;7;5;3;1;4;7;3;3;90;12.72;3.8;3.3624954;13.52;2.316666667;24.33333333;65.73666667;4.74087175197526;4.03559442651072;4.07847697440815;4.23233157617749;33.4500719597093;13.9334697290174;12.3820546007461;56.8901555347858;1.65185190076434
BGM-0613;7;3;5;3;3;6;4;3;4;2;1;5;1;5;7;7;5;1;1;1;3;2;1;2;7;5;3;0;4;5;2;5;90;13.48;3.64;3.710318563;18.32;3.29;27.33333333;65.54888889;8.00030244853368;4.34589843183021;3.73477817475681;6.09479145739433;35.0282096631287;19.895349407419;23.1639826011043;45.5372330258219;1.90081391533443
BGM-0623;7;3;5;3;3;9;3;5;4;4;1;3;1;5;7;3;5;1;1;1;2;2;2;3;7;3;3;1;4;7;2;5;110;16.28;4.54;3.585626478;26.72;1.796666667;38.66666667;74.47333333;3.59843129414722;3.4055638570987;4.35508372550945;3.85306869551031;35.7664455551717;8.66473325396205;17.2823377610914;32.0420046295001;1.61431297111843
BGM-0655;5;1;5;3;2;8;1;3;2;2;1;7;1;5;3;7;5;1;2;1;1;0;2;3;7;5;2;0;4;3;1;5;0;15.08;4.46;3.380726;22.22;1.856666667;31.11111111;52.79333333;5.28161220943229;3.27443764310343;3.22430683775521;5.33340993060395;35.2500945845725;15.9084950584741;22.4451582459823;39.6532040440277;1.65500663134251
BGM-0699;9;7;3;3;3;8;2;5;1;1;2;5;0;5;3;7;5;1;1;1;1;2;2;2;7;0;2;0;3;3;2;3;0;13.58;3.24;4.207440476;17.84;3.216666667;31;54.60333333;8.11673117818167;3.7518000387789;4.03337681820148;6.39496732790232;37.2628240098886;22.6516533671752;16.5415176032741;57.0944597714866;1.83635794021393
BGM-0702;7;7;3;3;2;6;3;5;2;1;1;5;1;2;3;3;5;1;1;1;2;2;2;2;3;3;2;1;3;3;2;7;90;13.46;3.36;4.037449221;10.46;2.453333333;23.11111111;62.10888889;8.00030244853368;4.13601851163184;3.32741552388817;5.61123520598851;36.4076094069698;15.9639816254814;22.0393662658937;43.2701594219564;2.13872236705455
BGM-0741;5;7;5;3;3;6;2;5;1;1;1;5;1;5;3;7;5;2;2;1;2;2;2;2;3;3;3;0;4;3;3;5;100;12.7;3.34;3.861934714;19.26;3.32;18.33333333;45.30333333;8.00030244853368;4.36877072766891;3.87179994024488;5.78034066300362;34.0462856507429;13.0424835356953;17.6357578005986;34.5535629179117;1.5791163165867
BGM-0780;5;9;5;3;3;7;2;5;1;4;3;5;0;5;3;7;5;1;2;1;3;1;2;2;3;3;3;0;4;3;3;5;90;21.82;6.86;3.186785087;35.3;2.446666667;26.5;70.4475;8.07691405262126;3.13604964919152;4.02288414127476;5.68696539637528;36.8776365197291;15.692158650487;15.2959485474947;48.8054107869628;1.88545895470866
BGM-0781;7;5;5;5;3;9;3;5;1;1;1;5;1;5;3;3;5;1;1;1;2;0;2;1;7;5;3;0;4;3;3;5;90;16.18;4.64;3.490089819;22.84;3.083333333;21.125;58.245;8.07691405262126;4.17015023539712;3.24765480825242;5.26903086971046;37.4411647869168;15.2798263262353;20.3211275360751;42.3611152122493;1.90286751216295
BGM-0799;5;7;5;5;2;8;2;5;4;1;1;5;1;5;3;7;5;1;1;1;2;0;2;3;7;3;2;0;3;5;2;5;90;17.06;4.76;3.593437951;26.08;2.236666667;22.66666667;41.2;6.18753892481935;3.56028600519278;3.94329882613221;4.44067272214067;33.4065444556797;9.13192480745867;21.3306054592717;32.6948294520981;2.05302651299867
BGM-0806;3;3;5;3;3;9;3;3;4;4;1;5;0;5;3;3;5;1;2;1;2;2;2;2;7;5;3;0;3;3;1;5;110;11.36;3.74;3.043793684;18;2.586666667;28.45833333;62.70833333;3.39275037121773;2.97166397375033;4.15131875041867;5.12974342534452;34.1054671766073;13.604080621385;15.7385326529251;40.4282548473609;1.88061463246732
BGM-0829;5;2;5;3;3;7;1;3;1;3;1;5;1;5;3;7;5;1;2;1;2;1;2;4;3;3;3;0;4;3;2;5;100;14.6;3.54;4.138018557;20.06;2.35665841452208;26.374466558463;58.7035885462208;6.18753892481935;4.03559442651072;3.61510697608854;4.88067989239277;32.8346968542224;14.5632813759734;16.9596305136644;46.7926865253286;1.65769150869756
BGM-0843;3;5;5;3;2;5;4;5;4;1;1;5;0;5;3;7;5;1;1;1;3;2;2;2;7;5;3;0;4;3;3;5;90;13.96;3;4.674181601;18.54;2.853333333;28.66583333;64.275;8.08838597854407;5.01905362702049;2.8133986441014;6.56370485513301;36.4973966121936;23.2995902321269;25.7633519807744;46.6781841269139;2.19871117688361
BGM-0847;5;5;5;3;2;8;1;3;4;1;1;5;1;5;3;3;5;1;3;1;3;1;2;2;7;0;3;0;3;3;2;7;100;16.24;4.44;3.665240371;21.64;2.633333333;23.77777778;70.91888889;4.00749099573326;4.75325223204693;3.0815373206941;8.08575078334918;35.8828058862726;27.2360820229133;26.3779580386298;49.9345844584092;2.09166274216756
BGM-0866;7;5;5;3;3;9;3;3;3;1;1;5;1;5;3;7;5;1;1;1;2;1;2;1;7;5;3;0;4;3;3;5;80;14.2;3.42;4.162223741;19.04;2.19;28.66666667;72.02833333;6.95994655217264;4.44484768942713;2.12678890761636;6.51280765301537;37.5503236757712;23.8228987092471;27.6015027028813;45.5544124777271;2.30889769276073
BGM-0868;7;5;3;5;2;8;1;7;4;1;1;5;1;5;3;3;5;1;3;1;2;0;1;2;7;5;3;0;4;7;1;7;90;17.2;4.94;3.481072429;29.86;2.186666667;52;61.26;6.02387265172664;3.4209504281663;3.47970860478025;7.33278535685579;34.8810956654974;22.9084441488114;25.0984875865142;48.269426233168;2.24081843149488
BGM-0870;3;3;5;3;2;8;2;5;1;4;2;3;0;5;7;7;5;1;1;1;2;0;2;2;3;3;2;0;3;3;2;5;90;12.82;4.02;3.192426119;20.18;1.99;20.33333333;64.88222222;8.00162107433551;3.67836643419176;3.59705643945113;5.59357008349276;33.0799104327713;17.2026185700402;16.1212691392687;52.3111112872909;1.67400564354592
BGM-0886;5;5;5;5;2;5;2;5;3;3;2;5;1;5;3;3;5;2;1;1;2;2;1;2;7;3;2;1;4;3;2;5;90;11.72;3.44;3.411557272;19.26;1.466666667;19.9;54.22;6.78589518687804;5.72743825013686;3.31100804781736;4.89130696345395;31.6275525977915;17.4165820868888;16.6682708426711;50.923902243921;2.2203157761204
BGM-0901;7;5;5;5;3;7;1;5;2;2;3;5;1;5;3;3;5;2;2;1;1;1;2;2;3;3;2;0;4;7;3;5;0;17.54;4.44;3.994923077;26.62;2.64;37;81.10666667;8.03294774509116;5.05180751281968;3.16926885971213;7.87961734292647;36.7365368297014;30.8717192764176;30.2006153687021;46.7762783137016;2.01958011527372
BGM-0902;3;3;5;3;3;9;3;3;4;2;3;5;0;5;1;3;5;1;2;1;2;1;2;2;7;5;3;0;3;3;3;5;100;12.8;3.02;4.230478309;21.66;2.49;25.45833333;56.52;8.04452953784431;3.63091252482719;3.77308634254955;4.02041306728657;36.686590583711;11.628629690984;15.5901716001061;41.4303291553918;1.7492645493455
BGM-0929;5;5;5;3;3;6;2;5;3;2;1;5;1;3;3;3;5;1;1;1;2;3;1;4;7;3;3;1;4;3;2;5;90;15.62;1.58;9.952381851;21.16;1.68;15.66666667;60.77333333;4.44237219660097;3.7254062059277;3.90867255810818;4.29614289832504;33.8550304223124;13.839904992355;11.9253568376889;53.0638142960421;1.58549839481225
BGM-0930;7;3;5;3;3;9;3;5;4;2;2;3;1;5;3;7;5;1;1;1;1;0;1;2;7;3;3;0;3;3;3;7;0;17.64;2.26;7.908771985;21.18;2.296666667;21.66666666;52.57555556;4.33245304988222;4.29395071471491;3.08559037605506;5.29699761899581;32.1348107853406;14.1894732987542;10.9564203877083;54.930483815994;1.6823829257122
BGM-0936;5;5;5;5;3;6;2;7;2;2;3;5;0;5;3;7;5;1;2;1;3;3;2;4;3;0;3;0;4;3;3;5;100;14.9;3.32;4.518184826;22.82;3.3;20.08333333;66.03666667;8.10298398978342;4.15105123755223;3.84607575111045;5.1009415344457;34.4660451712955;16.3920215191554;23.9840277424751;36.4399649962078;2.26460649735715
BGM-0942;5;7;5;3;2;3;2;3;4;2;3;3;0;5;3;3;5;1;2;1;1;0;2;2;7;5;3;0;4;3;3;5;0;13.6;3.42;3.98523455;15.5;3.243333333;24.70833333;53.56166667;8.05473732047871;3.50840058288077;3.87181945216858;6.11716932364699;34.1539742924293;18.6128221836464;15.5930940620552;47.4273713993771;1.8549521151701
BGM-0946;5;9;5;9;3;9;2;7;4;2;3;5;0;5;3;3;5;1;1;1;3;2;2;1;7;5;3;1;4;3;2;5;90;14;2.68;5.25816862;19.8;2.603333333;15.125;73.47333333;8.10298398978342;2.67158015858155;3.24241024995305;4.66670066358944;31.0213991236217;14.274343654506;15.5344999702862;43.2820587367065;1.89356829619591
BGM-0952;3;3;5;3;3;9;4;5;4;2;3;5;0;5;7;7;5;1;1;1;2;1;2;1;7;5;3;0;3;3;1;5;70;11.98;3.78;3.171530067;13.98;2.023333333;20.5625;69.355;8.10298398978342;3.85859765217431;3.05691201275714;5.41191528534817;35.0129618377557;17.2172821020233;19.3916179439608;43.7857288735608;2.13610487185981
BGM-0957;3;3;5;3;3;9;3;3;4;3;1;3;1;5;1;7;5;1;2;1;2;2;2;3;7;3;3;1;4;3;3;5;110;12.62;2.94;4.321712159;15.48;3.123333333;24.97916667;52.91666667;8.03181092769069;3.62731082975124;4.06974350763896;4.91890380832086;35.3579798638268;16.2430531482477;18.4967363644618;44.5473525690792;1.84607819120045
BGM-0968;5;5;5;3;3;7;1;5;3;4;3;5;0;5;3;3;5;1;2;1;3;2;2;2;3;3;3;0;4;3;2;5;90;15.06;4.82;3.125833406;18.1;2.923333333;21.8125;62.0975;8.10298398978342;3.31150430794584;3.73703167926496;4.71863535980836;35.0762776127347;12.4358403521498;14.5246022547568;39.8210830446098;1.87361077403964
BGM-0976;9;5;5;5;1;3;4;5;3;2;3;5;0;5;3;7;5;1;1;1;2;2;2;2;7;5;2;0;4;3;2;5;100;11.68;3.78;3.092807468;14.5;2.806666667;23.79166667;54.18333333;7.97147992070682;4.01472833970237;3.87015744660663;4.68899064704316;36.336273561323;11.934667040544;11.2816089498108;51.2767137806538;1.61307463607254
BGM-0985;9;3;5;3;3;7;1;3;1;1;1;5;1;2;3;7;5;1;2;1;1;0;2;1;3;5;3;0;4;3;1;5;0;16.32;2.76;5.919589351;22.84;2.966666667;25.125;66.85333333;8.00472544819378;5.02333637309176;2.47633042586299;6.65294383431308;35.005619833562;21.980391511454;21.3155939638001;54.8470269681212;1.82477918662277
BGM-0996;3;5;5;3;3;9;3;5;4;2;3;5;1;5;1;7;5;1;2;1;2;2;1;2;7;0;3;1;4;3;1;7;90;11.36;2.8;4.062416059;16.08;3.746666667;19.08333333;56.89333333;8.08316269621534;3.7706704304267;3.74873405064698;5.11367673405556;33.7346838253592;15.4835733649369;21.4958673104689;36.6958608454217;2.01537403059251
BGM-1042;7;1;5;3;2;5;4;5;4;4;1;5;1;5;3;7;5;1;1;1;2;2;2;2;7;5;3;0;3;5;1;7;100;14.34;3.96;3.623819869;19.98;2.363333333;22.55555556;54.38111111;3.75522254054736;3.83840387452283;4.03841217082563;5.97056621550087;35.5535948360856;20.1472803114115;27.2731476580188;41.1785402798942;2.05770677154735
BGM-1057;7;5;3;3;2;3;4;5;4;3;1;3;1;5;3;3;5;1;2;1;3;2;2;2;7;5;3;1;4;7;2;5;100;15.6;4.98;3.152018893;20.38;2.35665841452208;26.374466558463;58.7035885462208;6.18753892481935;4.03559442651072;4.17872317644869;6.20532855551179;34.9235782482511;21.7595700252712;28.513015392937;44.1239579404762;2.13472877047964
BGM-1067;5;2;5;3;3;7;1;3;1;1;1;5;1;5;3;3;5;1;2;1;3;1;2;2;3;5;3;0;4;3;2;3;90;9.2;2.24;4.118256352;12.16;2.96;27.1;70.70833333;7.99647684931435;4.55549589234863;3.12681258620399;6.70502805582632;34.9776041982473;22.078635478842;22.1635100381791;47.1200990672029;1.81994868465442
BGM-1073;7;2;5;3;3;6;3;5;4;3;1;5;1;5;3;3;5;1;3;2;1;0;2;2;7;5;3;0;4;7;3;5;0;15.68;4.36;3.598125324;26.22;1.323333333;22.33333333;64.47;8.05178111318954;4.04309908765219;2.80827803459288;6.64407375604802;37.925940896681;18.2616772384979;27.341101076958;40.6670020961875;2.3017562303136
BGM-1078;3;2;5;3;3;9;3;3;4;1;1;5;1;5;3;3;5;1;1;1;2;1;2;2;7;5;3;0;4;3;3;5;90;15.6;3.94;3.965944842;18.14;2.933333333;24.2875;64.1175;6.16405530317744;3.79473427809756;3.50187216949818;6.44123730352816;35.9564890137963;18.1132889839505;21.7491512812554;44.2299904349014;1.95333110108883
BGM-1085;7;7;3;7;3;9;2;5;3;1;1;3;1;5;3;3;3;1;2;1;2;3;2;2;3;5;3;1;3;3;2;5;120;11.5;3.38;3.400440942;16.5;1.63;27.33333333;92.55;7.03381770491285;3.39945495158084;3.72629044806261;6.61259072602389;35.1687001237413;23.2236101924766;23.0925298634421;49.432432843558;2.13255267057807
BGM-1107;5;7;5;5;2;8;2;5;3;1;1;5;0;2;3;3;5;1;1;1;2;1;2;1;7;5;3;0;3;3;2;5;70;13.14;4.26;3.087301587;20.66;3.033333333;27.875;61.38166667;4.12292694406652;4.6794330221784;3.11986772779465;5.9272494702102;35.3190302462568;20.6656601683067;18.1463307240242;52.178926749757;1.90248187818058
BGM-1110;5;7;5;3;3;9;3;5;4;3;1;5;0;5;3;7;5;1;1;1;2;2;2;2;7;5;2;1;4;3;1;5;90;12.38;3.42;3.618182773;20.72;2.653333333;23.96916667;63.6025;3.81652471321958;4.22595702037467;3.94460302957752;4.70050432021664;30.8700723294663;17.4800631275123;14.7964039031661;53.7240935366985;1.8093954287062
BGM-1115;5;5;5;3;2;6;3;5;4;2;1;3;1;5;3;3;5;1;1;2;3;2;2;2;7;5;2;0;3;3;1;5;70;17.7;2.26;8.050116627;25;21.72666667;24.42416667;61.2025;4.28434784825581;3.13244944963967;4.01586656604047;4.58068039702118;33.5872244217184;12.7598210248282;13.6520391066639;45.8405461780616;1.55788016342102
BGM-1120;5;3;5;5;3;9;3;3;4;1;1;5;1;5;3;7;5;1;1;1;2;2;2;3;7;5;3;1;3;3;1;3;90;10.26;3.52;2.917928063;15.2;2.416666667;20.11111111;66.15777778;7.94075213557676;3.96144181776947;3.77331446629814;4.68026347635927;35.5463010094995;13.6677924465978;15.2961434957283;46.6900129061724;1.71864680342721
BGM-1130;3;5;5;3;3;6;1;3;4;3;1;5;1;2;3;7;5;1;1;1;2;1;2;3;7;5;1;0;4;3;3;5;90;13.24;4.28;3.098854701;27.78;1.136666667;8.5;40.02;3.55476809797119;3.90694359732941;3.17195862792848;5.73768076848485;30.4635060219196;13.5897734876229;14.444843676484;35.4136335765321;1.83277234289355
BGM-1159;9;1;5;5;2;5;3;3;4;4;2;3;0;5;7;3;5;1;2;1;2;2;2;2;7;3;3;1;4;3;2;7;100;11.7;3.32;3.552412158;15.54;4.133333333;23.975;65.83666667;7.09200871123463;2.82119317265753;3.92442719677776;5.16895983681967;37.0796630506967;14.4768858171358;29.3809382138527;29.1243735126064;2.00446390518602
BGM-1175;7;5;5;3;3;9;2;5;4;2;1;5;0;5;3;3;5;1;1;1;3;0;2;2;7;5;3;1;3;3;2;7;60;15.86;4.78;3.320168011;19.44;2.406666667;26;55.14777778;7.98785115953898;3.81602385284042;3.85476974991236;5.64279005675879;37.3278355577562;14.3359523525555;17.3684515714469;41.50746529384;1.95738496080015
BGM-1177;7;5;5;3;3;8;1;5;2;2;3;5;0;5;3;3;5;1;2;1;2;3;2;2;3;5;3;0;4;5;3;7;90;20.06;4.42;4.554414049;24.86;2.42;26.88888889;56.67666667;8.06000075303934;4.12722468784137;3.44049460587982;5.50936623130063;33.8038500427262;18.7969615921177;14.9933774948563;53.2513016129179;1.96661164464978
BGM-1179;3;1;5;3;2;3;4;3;4;1;2;5;0;5;3;3;5;2;2;1;2;2;2;2;7;3;3;0;3;7;1;7;80;10.8;2.06;5.433355561;12.5;2.35665841452208;26.374466558463;58.7035885462208;6.18753892481935;4.03559442651072;3.54196005663819;5.42676318265378;35.4005338329168;16.981472625541;17.6947120730487;48.251274665856;1.80826654018968
BGM-1185;5;5;5;3;2;3;4;7;4;1;1;5;1;5;3;3;5;1;1;1;3;3;2;3;7;5;3;1;3;7;2;7;70;19.76;5;3.959126941;26.52;1.936666667;26;54.98222222;8.02729579745976;3.64935935225652;3.00261738984143;4.57768541401615;35.196720451868;14.0176792060257;16.5534442324668;43.5372516718363;2.05848719762351
BGM-1191;7;9;7;9;3;9;3;5;4;4;2;5;0;5;1;3;5;1;3;1;1;1;1;2;7;3;3;1;4;7;1;7;80;9.3;2.8;3.354560745;9.92;1.04;26;59.35666667;7.83904771723508;4.0561805059026;3.25676148994969;4.26062994458771;32.2308281217412;13.9063520869355;12.9033451791023;52.1245893855629;2.04516523977188
BGM-1209;3;1;5;3;2;3;4;3;3;1;2;5;0;4;3;7;5;1;2;1;3;2;2;3;7;5;3;1;3;3;1;5;120;15.06;3.54;4.35590369;18.96;2.35665841452208;26.374466558463;58.7035885462208;6.18753892481935;4.03559442651072;3.54196005663819;4.54407128677834;33.9152297300492;12.5424592901807;16.1548511447161;39.0412208609816;1.83829854796577
BGM-1213;5;5;5;3;3;9;2;5;4;1;3;3;0;5;1;3;5;1;2;1;2;3;2;4;7;3;3;1;3;3;2;7;90;11.92;2.94;4.071787029;17.6;3.48;28.84583333;61.32333333;7.67672005026208;4.31155070074475;4.21214720018964;6.5725212126096;37.1458346507122;18.2297830203753;16.171115884032;52.5093603229469;1.91417406984168
BGM-1223;7;3;5;3;1;5;4;3;1;3;1;5;1;3;3;7;5;1;2;1;3;1;2;3;3;5;3;1;3;3;1;5;90;20.54;5.34;3.864588401;29.82;2.953333333;24.66666667;62.02777778;8.01429672277034;3.45940978508915;3.38676388008538;5.40339534327351;33.9313582163012;13.6276353089467;15.1533760448319;50.9998745774086;1.65456726679448
BGM-1251;5;7;5;5;3;8;2;5;4;1;1;5;1;5;3;3;5;1;1;1;2;2;1;2;7;5;2;0;3;3;2;3;90;11.34;3.14;3.689633542;11.68;2.473333333;23.85166667;65.10166667;5.37849662107958;4.17387318015365;3.01130419429557;5.8009902456165;35.290540575112;18.0338572239664;21.1398251596026;46.5317730896786;1.97540907384144
BGM-1280;5;3;5;3;3;9;2;3;4;2;2;5;0;5;3;7;5;1;1;1;3;2;2;3;7;5;3;1;3;3;2;5;80;11.74;2.78;4.236156832;16.86;2.896666667;23.16666667;62.33;8.01173866468707;3.08674035438656;3.78413222494411;5.06255226620485;36.3430665217129;13.8858494183538;19.4263272122916;34.5808969906873;1.99606069295491
BGM-1305;5;3;5;3;3;7;1;3;3;3;1;5;1;5;3;7;5;2;2;1;2;3;1;2;7;3;3;1;4;3;3;5;130;12.06;4.28;2.812881767;17.16;3.006666667;33.70833333;66.1075;7.98219305145881;2.91839213720375;4.22014954891401;5.7394909404407;34.9404441690591;16.5023342837121;25.2524037073823;37.1444572803092;1.99909609197053
BGM-1313;5;5;5;3;3;7;1;3;3;1;1;5;1;5;3;3;5;1;2;1;3;2;1;2;7;3;3;0;3;3;1;5;90;14.16;4.72;3.004503714;20.92;2.45;26.75083333;51.16666667;2.96118452409601;4.36245939416207;3.87845247265907;5.82774788135702;35.8371477402453;17.9838642123893;16.9429001631165;51.1333384911871;1.8976298821848
BGM-1324;7;7;5;5;2;4;2;5;4;3;1;5;1;5;3;7;5;1;1;1;3;1;2;2;7;5;3;0;4;7;1;3;80;17.76;5.72;3.097656409;24.96;2.813333333;24.54166667;59.69666667;8.11554627617207;3.38110540110683;2.75378245413912;5.04668128287959;34.9099328262427;16.3962685966977;13.8813884281424;51.745299409624;1.74189217340329
BGM-1329;5;5;5;3;2;4;1;3;1;1;1;3;1;2;3;3;5;1;1;1;1;0;1;3;7;3;3;0;3;3;2;3;0;13.38;6.02;2.225339346;23.38;1.293333333;27.66666667;47.17;7.3431372316789;4.01225806048389;3.0251738665762;5.54401647964402;36.0694098215083;14.2475103057474;13.6451591315001;52.8203716895622;1.59542688236011
BGM-1346;7;2;5;3;3;8;3;3;4;1;1;5;1;5;3;7;5;1;1;1;2;0;2;3;7;0;3;0;3;3;2;3;90;14.82;4.98;2.976562225;20.82;1.793333333;24.66666667;62.40666667;7.83904771723508;3.20725429735381;3.60459069197626;4.72045884913135;37.0933969709578;13.3214669829227;19.2299824177103;37.4055856971143;1.94506175497005
BGM-1369;3;5;5;3;3;6;3;3;4;1;1;5;1;2;3;7;5;1;1;1;1;0;2;2;7;5;2;0;3;3;2;5;0;15.28;5.16;2.972176093;31.18;1.946666667;26.27777778;55.36444445;7.45666573037522;3.81052128187752;3.01424643462922;5.88838691852452;37.1869540435358;17.4590830947035;23.2019902007312;38.1344187071069;1.99438561633057
BGM-1401;5;3;5;3;3;9;3;3;4;1;1;5;1;2;3;3;3;1;2;1;2;1;1;2;7;3;3;0;3;3;3;5;90;11.1;3.44;3.219481196;16.06;2.356666667;41;68.50333333;4.41530681300198;4.03559442651072;4.05007775943638;6.15491615099366;35.5919209926532;21.147682626477;22.9976918479859;46.2575141391699;1.87901092786859
BGM-1403;7;7;5;5;3;9;3;5;4;1;1;5;1;5;3;3;5;1;1;2;2;3;1;2;7;5;3;0;4;3;2;7;90;12.34;4.28;2.885175309;18.78;2.396666667;34.66666667;64.15;5.60379013483444;4.03559442651072;3.0245063737349;6.8563407737051;34.3447307492624;24.0282698349712;33.4879843088865;41.9890519856293;2.3027581986738
BGM-1417;7;7;5;5;3;9;3;3;4;1;1;3;1;5;3;7;5;1;2;1;2;0;1;3;7;5;3;0;3;3;3;7;90;18.32;5.12;3.582318083;30.12;2.53;28.11111111;56.80666667;6.18753892481935;3.70743667086288;3.2989683523962;4.12950788008699;33.3957762439173;12.2210703842834;18.9932514950038;40.1422971041268;1.9841703430111
BGM-1426;9;3;5;5;1;4;2;5;3;1;1;5;1;2;3;7;5;1;2;1;3;1;2;3;7;0;3;1;4;3;2;3;100;14.26;5.24;2.724200901;20.54;1.536666667;28.33333333;54.53;6.81610290499192;3.60998047543929;3.98168399171092;5.43198301585742;36.5807922494022;14.8531031527986;15.7994986870749;45.2455390126758;1.72363794715452
BGM-1454;5;5;5;3;3;6;2;5;2;1;1;5;1;5;3;3;5;1;2;1;2;3;2;2;7;5;3;1;4;3;2;7;100;12.44;3.48;3.593588322;24.38;2.436666667;30.79166667;61.39333333;3.15313719434593;3.91942215445984;3.57384892527588;6.43188096526551;36.2875030620274;18.787837797723;21.1049148231806;47.0328094751906;2.11243498059551
BGM-1486;7;5;5;5;3;7;2;3;4;1;1;5;1;5;3;3;5;1;1;1;1;0;2;3;7;0;2;0;4;3;2;3;0;16.06;4.3;3.745923221;22.64;1.64;29.66666667;46.08;7.94831456378706;3.81087124912727;3.30663057750768;4.03070395623769;32.9600165725387;12.3949015235108;17.8277163566317;37.260125599403;1.86687135373768
BGM-1502;9;3;3;5;3;9;2;7;3;1;2;3;1;2;3;3;3;1;1;1;2;3;2;2;7;5;3;0;4;3;2;5;90;12.34;4.78;2.580133272;20.72;3.61;31.66666667;75.28333333;4.0340805230106;3.28262124804849;2.82245959712255;5.6155115591581;35.8882666936872;17.3179543475314;16.521103114295;52.2612965788041;1.9333037353819
BGM-1515;5;5;5;3;3;6;2;5;3;1;1;5;1;5;3;3;5;1;1;1;2;2;2;2;7;0;3;0;4;7;2;5;80;13.76;3.72;3.712472115;21.32;2.563333333;24.66666667;60.35333333;3.77532214885046;4.03559442651072;2.06737189566085;6.31726513759197;33.9044921293089;22.8561819219157;25.9433998336211;42.6111597400702;2.33398687336537
BGM-1527;7;7;5;5;3;9;1;5;4;4;1;5;1;5;3;7;5;1;1;1;2;1;2;1;7;0;3;0;3;7;1;5;80;18.48;5.44;3.397662601;27.1;2.65;21.70833333;63.09583333;5.22660655238068;3.59977743382938;2.49374732215431;5.10596769547099;35.5209012337538;15.5341893130762;22.8367226619192;39.3671235755036;2.3069647674156
BGM-1544;7;5;5;3;2;5;4;3;4;1;1;3;1;5;7;7;5;1;2;1;2;1;2;2;7;0;3;0;4;3;2;3;80;16.26;4;4.075554895;20.38;1.403333333;30.33333333;54.05666667;6.73796263997768;4.27813213637139;3.79317491001263;4.91766064900006;36.8294453716208;16.9428485562199;17.4645731952594;46.8834150167406;1.77595588724756
BGM-1547;7;5;5;5;3;7;1;5;1;1;1;5;1;6;3;3;5;1;1;1;2;2;2;2;3;3;3;0;4;7;1;5;90;18.7;3.7;5.075075023;24.46;2.35665841452208;26.374466558463;58.7035885462208;6.18753892481935;4.03559442651072;3.45724957560252;4.6247591809707;34.1685231565816;14.0905058824878;17.3432027379071;45.7029934051537;1.83650014054758
BGM-1573;7;7;5;5;2;5;4;5;4;1;1;3;1;5;1;3;3;1;1;2;2;3;1;3;7;5;3;1;4;7;2;7;90;9.9;2.88;3.482599256;15.46;1.266666667;26;47.18666667;6.18753892481935;3.83872123578421;3.35192992020631;6.28911121481627;37.5667292052781;12.4388971024948;15.9820940745439;40.936985350478;1.62063483550924
BGM-1586;7;5;5;5;2;3;2;5;4;4;2;5;1;5;3;3;5;1;1;1;2;2;2;2;7;5;3;0;3;3;2;5;90;13.52;3.92;3.451785491;21;2.176666667;25.70833333;60.1425;8.09842915750379;3.99353847035129;3.60936601222433;4.79590166357394;36.7407916305077;14.7492573099218;18.8380270432676;44.1229977122526;1.99562620679939
BGM-1602;7;3;5;3;2;6;2;5;4;1;1;5;1;5;3;3;5;1;2;1;1;2;2;3;7;3;3;0;3;7;2;5;0;19.26;5.3;3.635465368;30.64;2.35665841452208;26.374466558463;58.7035885462208;6.18753892481935;4.03559442651072;2.59373952375248;4.9514429579112;34.9524833884069;15.0777509995609;20.7672700162996;44.8697701433486;1.80886537435229
BGM-1611;5;3;5;3;3;9;3;3;4;2;1;3;0;5;7;3;5;1;2;1;2;2;2;3;7;5;3;0;4;7;2;5;90;17.14;4.14;4.170255799;22.86;2.343333333;24;50.03666667;6.18753892481935;4.03559442651072;3.92773276107075;4.11980832556989;35.5298943730854;11.8922651083837;16.1176275998669;42.9249795592799;1.60870508103529
BGM-1627;7;7;5;3;3;8;3;5;4;3;1;5;1;3;3;7;5;1;1;1;2;2;2;2;7;0;2;0;3;3;2;5;90;14.96;2.5;6.030952381;14.02;2.176666667;21;64.32333333;6.15195311318503;3.75194612162068;2.23087751821996;6.45525588577688;36.6929981282471;22.9088582060158;21.7063437477788;51.6402211746085;2.08710025233951
BGM-1640;7;1;5;3;3;9;3;3;4;1;1;5;1;2;3;3;5;1;2;1;1;1;2;2;7;5;3;0;3;3;3;7;80;18.64;5.24;3.558941799;29.04;1.56;30.66666667;60.82;6.18753892481935;4.10780706223706;3.76937778747924;7.24631281316868;36.0304289136586;28.7175959528371;23.8014303073654;52.6176905262821;2.0763343387022
BGM-1661;5;3;5;3;3;7;2;3;1;1;1;5;1;5;3;7;5;1;1;1;2;2;2;2;3;5;3;1;4;3;3;5;80;11.62;4.26;2.72589372;20.12;2.39;25.12666667;67.28;4.03989549755301;4.45102840084838;3.70712129384368;4.95033301025997;33.3896612685362;18.0284828960811;14.8789391610217;54.9890787648329;1.59678145161777
BGM-1667;5;3;5;3;3;9;3;3;4;4;2;5;1;6;3;3;5;1;2;1;2;0;2;2;7;3;3;0;4;5;1;5;90;14.36;2;7.387773411;16.92;1.69;20.08333333;51.34083333;3.9276903542924;4.06935143240941;2.54289713182157;5.47728123657619;35.3397365646159;18.5299963834194;18.4107944176633;50.2938504811907;1.74924294407012
BGM-1681;3;1;5;3;2;5;3;3;4;3;1;5;1;2;3;3;5;1;2;1;1;0;1;2;7;3;2;0;3;3;1;5;0;12.18;4.58;2.664643013;21.92;3.136666667;26;62.01666667;6.18753892481935;4.03559442651072;3.09894696999735;5.15581236853072;33.1151614005387;17.3991529351936;18.6815367923433;45.6610011715263;1.91245645802787
BGM-1704;5;3;5;3;2;5;4;3;4;2;3;5;0;5;7;7;5;1;1;1;2;1;2;2;7;3;3;1;3;3;1;5;90;11.7;3.12;3.750443657;16.36;2.053333333;21.08333333;53.69583333;7.88066281465522;3.75369257279613;3.32138795263944;5.22547508380219;33.6492154106259;12.5045443606031;19.2227324301246;36.7964567065021;1.98557712391971
BGM-1709;5;7;5;5;3;8;2;7;3;2;3;3;0;5;3;7;5;1;1;1;2;1;2;1;7;0;3;0;3;3;1;5;90;14.24;3.66;3.900666454;20.58;2.706666667;23.625;68.38083333;8.03104465031346;4.75912123886664;3.16517905897773;6.18455409455178;33.1141173355206;18.3445721188379;19.7586491082148;45.1042164946631;2.18531544594161
BGM-1718;5;5;5;3;2;5;2;5;4;2;3;5;1;5;3;7;5;1;2;1;2;2;2;1;7;5;3;0;3;3;1;5;100;14.94;3.58;4.246805754;23.28;2.25;19.91666667;55.63;7.93958529610586;3.78809887695824;3.97268971193668;4.94859598090795;34.247722005518;12.1234849039883;17.123098451405;36.9589562038473;1.94180813019108
BGM-1728;3;7;3;3;1;5;4;3;4;1;1;5;0;2;3;7;5;1;1;1;3;2;2;2;7;5;3;0;4;3;2;7;90;15.04;4.64;3.255515239;21.12;2.77;27;65.25916667;6.42423047035526;4.5086537859337;2.94687482550989;7.94157637159992;35.9038297562352;26.3067170727566;18.5037055875442;57.8169982818045;2.10880060563903
BGM-1742;5;3;5;5;2;7;1;3;2;2;2;3;0;5;3;3;5;1;2;1;2;3;1;2;3;5;2;1;3;3;2;5;100;11.68;3.62;3.238586744;18.36;2.566666667;27.25083333;53.0275;7.46912762357182;2.82397101643857;4.33336788840563;3.8295829536336;36.3800887755546;8.6781576074578;13.2173006378417;40.9725793818435;1.35823879196943
BGM-1752;7;7;5;3;2;5;3;5;4;2;3;7;1;9;3;3;5;1;1;1;2;2;2;2;7;3;3;0;4;3;2;5;90;15.5;1.38;11.4627451;20.5;2.9;25.5;71.05166667;8.07122628212123;4.13997948620724;3.77460171827736;6.53798061065555;34.6446959057713;20.7065602380658;18.4232589919813;52.8066922096434;1.74786443224141
BGM-1764;5;5;5;3;2;3;4;5;4;3;2;5;0;5;3;7;5;1;2;1;3;2;2;2;7;3;3;0;4;3;2;5;100;13.12;3.76;3.487088504;15.16;1.453333333;29.54166667;54.64;4.18620737543625;4.0699568614533;3.32984833103364;5.19521923342423;33.1787517615239;15.8043128666659;18.7417542547361;48.5806017068844;1.79135142918767
BGM-1782;5;2;5;3;3;7;1;3;1;3;1;5;0;9;3;3;5;1;1;1;3;0;2;2;3;5;3;0;4;3;3;5;50;19.78;2.98;6.63912037;28.32;3.556666667;26.54166667;67.60916667;8.03758726361298;3.83172595998013;2.895934367292;5.70215399013466;37.1286300116752;18.1875554732297;16.5281854335925;53.6491136631151;1.77969276647555
BGM-1810;5;7;5;3;3;7;1;5;2;2;1;5;1;2;3;3;5;1;1;1;2;2;1;2;3;5;2;1;4;7;2;5;90;16.46;4.42;3.757895499;17.04;2.07;22.33333333;64.49666667;5.89732281911195;4.03559442651072;3.70199665447926;8.0885079236808;34.8859404141582;30.3474208739254;27.3437537832251;49.0259385193075;2.16604621132833
BGM-1865;5;7;5;3;1;4;1;5;1;1;1;5;1;5;5;7;5;1;1;2;1;0;2;2;3;5;2;0;4;7;1;3;0;15.44;4.6;3.361827122;20.54;2.35665841452208;26.374466558463;58.7035885462208;6.18753892481935;4.03559442651072;2.35454482780826;6.16683379320122;32.4007684415699;21.4675401491844;10.5001853850135;54.4964865151112;1.45734525389363
BGM-1873;9;3;5;9;2;5;4;5;4;3;2;5;1;4;3;7;5;1;1;1;2;0;1;2;7;0;3;0;4;3;2;3;90;14.76;3.84;3.853063777;20.68;1.736666667;23.33333334;56.38444444;5.02620361092431;4.09929210141341;3.38782784355231;6.12310846402017;31.5956805512309;17.904242124872;22.0920060501762;44.4494912365523;2.11448129192168
BGM-2059;7;7;5;3;2;5;4;5;4;1;1;5;1;4;3;7;5;1;1;1;3;2;2;2;7;5;2;1;3;5;1;3;90;22.64;3.48;6.514965233;25.46;1.396666667;26.45555556;51.14222222;5.07140808477775;4.92504340130402;3.4449600225507;5.62753163085477;32.2427797422741;18.8131770525227;14.7049896936318;56.3789177297389;1.60848491585629
BGM-2073;7;5;5;3;3;9;3;3;4;1;1;7;1;3;7;7;5;1;1;1;3;1;2;3;7;5;3;0;3;7;1;5;70;18.08;3.4;5.318954248;29.28;2.496666667;23.65555556;56.19555556;7.97042226842126;3.25633764944174;3.18278823411182;4.43980345598604;33.0743282555772;11.3826464739907;12.8461381806197;44.2887909953871;1.76149666406194
BGM-2082;7;3;5;3;3;7;1;3;4;1;1;7;1;2;7;3;5;1;1;1;3;1;2;3;7;0;2;1;3;3;3;5;70;21.42;6.5;3.296101877;30.14;1.666666667;32.44444444;64.12333333;7.66734407588189;4.92695486264636;2.69161527647812;8.1607313867523;34.3564207821263;33.3850535195774;24.3345262595731;55.3081904850919;2.63465207119929
BGM-2084;7;7;5;5;1;4;2;7;1;1;1;7;1;2;3;7;5;1;2;1;3;3;2;3;3;5;2;1;3;7;2;7;70;15.2;4.82;3.154402186;23.6;1.98;27;72.86;6.18753892481935;4.03559442651072;3.86148883890848;6.36862097758401;32.9342604874724;22.772897085673;16.0467058346008;57.9571686519302;1.96293216950707
BGM-2102;3;5;3;3;3;9;2;3;1;1;1;3;1;5;3;7;5;1;1;1;2;2;1;3;3;0;3;0;4;5;1;3;100;16.84;2.85;5.938366712;21.79;2.093333333;27.59833333;50.07333333;7.06032616100563;3.94573516252793;2.63501725366591;4.74130348902839;33.7858029603667;14.5966532659491;9.54576892327916;58.7852646189319;1.49839781422695
BGM-2110;7;7;5;5;1;5;4;5;3;1;1;5;0;5;5;7;5;1;2;1;2;1;2;2;7;3;3;1;4;3;1;5;100;13.58;4;3.435497076;21.86;2.35665841452208;26.374466558463;58.7035885462208;6.50021926784803;4.03559442651072;4.24234508684665;4.94991357521118;31.7744104978298;15.4593128628469;11.905251659922;61.7465852926713;1.4210529756929
BGM-2138;5;3;5;3;3;7;1;3;1;2;1;5;1;5;3;7;5;1;1;1;3;2;2;2;3;0;3;1;4;3;3;3;80;14.7;3.76;3.909530583;18.68;2.35665841452208;26.374466558463;58.7035885462208;6.18753892481935;4.03559442651072;3.41006219715904;4.92691104398725;36.4859118551876;13.3204596693174;16.1041260998315;45.6616409958812;1.85064121474583
BGM-2140;7;7;5;3;3;6;1;5;3;1;1;3;1;5;3;3;5;1;2;1;2;1;2;2;7;3;3;0;3;3;1;5;100;12.4;3.46;3.597246241;15.4;3.486666667;25.88888889;56.67222222;7.97042226842126;2.78122784337419;3.75732159048624;4.29975040349342;35.3138209846841;9.79311449835923;15.4618494867103;32.4716064545932;1.71770160072702
BGM-2149;3;5;5;5;1;4;1;5;1;3;1;3;1;5;3;7;5;1;1;1;1;0;2;2;3;0;2;0;4;3;3;3;0;16.06;4.74;3.394527637;23.26;1.97;28.33333333;62.40333333;7.80486287045115;4.1017097448199;3.44590072578586;4.63673758375744;34.7191573259031;14.3491840363011;16.3168899648587;45.9854426779687;1.5678120842895
BGM-2159;7;5;5;3;3;7;1;5;1;3;1;5;1;2;3;7;5;1;1;1;3;0;2;2;3;0;3;0;4;3;2;3;60;14.62;5.68;2.575597313;21.64;2.446666667;39.33333333;59.20666667;7.56492127144033;4.36473739657983;3.34639526585678;5.64765847299434;35.4884389318037;15.3624850413861;19.3321593924816;40.7545886620464;1.87657820519738
BGM-2161;7;9;5;7;3;9;3;5;4;1;1;5;0;5;3;3;5;1;1;1;3;2;2;2;7;5;3;0;3;3;1;3;60;13.52;3.66;3.702338947;22.62;1.573333333;22.66666667;50.69555556;5.60717268557378;4.1842404686513;3.39178241638262;5.08504135275808;36.1125538926043;13.3723825251062;17.2711455628403;43.2254468434602;1.91841170550778
BGM-2162;9;7;5;7;3;6;2;5;4;1;2;5;0;4;3;3;5;1;1;1;1;0;1;2;7;3;3;1;3;3;1;3;0;17.06;2.88;5.947757936;19.58;2.013333333;23.22222222;55.34444444;4.3334839579488;3.59359891386843;2.74587684829078;4.62004143019286;35.7646769648557;14.3167716820526;16.3207657553585;44.7954532214323;2.05158567614233
BGM-2166;7;7;5;7;2;5;4;5;4;4;1;5;1;2;3;3;5;1;2;1;3;1;2;2;7;5;3;1;3;3;1;5;90;14.88;4.94;3.030470921;29;1.776666667;22.88888889;64.39666667;7.97042226842126;5.19922644143351;3.39178241638262;5.86498424404789;35.3131210515219;21.3086855412245;20.6543918137866;50.3474902116274;2.03923492372085
BGM-2167;9;5;5;5;3;9;4;5;4;3;2;5;0;5;3;3;5;1;1;1;1;0;1;4;7;3;3;1;3;3;1;5;0;14.64;3.74;3.93313139;21.04;1.73;18.22222222;63.14777778;5.00084318350078;4.86663216786646;2.88210655835895;5.97678192711088;32.4386212685285;23.1282569459601;23.8677192643758;48.9338764070472;2.23706634694885
BGM-2171;7;7;5;3;1;4;3;5;4;2;1;5;1;4;3;7;5;1;1;1;3;2;2;2;7;3;1;1;3;7;1;5;90;18.34;2.64;6.993908046;20.78;1.766666667;28.66666667;62.94666667;6.18753892481935;4.03559442651072;3.54408497709153;5.10425116030433;33.6219414946828;15.1116023924217;16.0196913384655;50.4452479091702;1.89634535476097
BGM-2189;7;5;5;5;2;5;4;5;4;3;1;3;0;5;3;7;5;1;2;1;3;1;2;2;7;0;3;0;4;3;2;3;90;18;5.1;3.547155614;24.82;1.776666667;30.66666667;53.63666667;7.87916783307483;3.89128762341196;3.8319352521805;5.59581783313393;34.4566213292456;15.0603770458046;14.8948689092487;49.9918120502317;1.64176815635004
BGM-2206;7;5;5;3;3;8;2;3;4;3;1;1;0;5;3;3;5;1;2;1;2;2;1;2;7;0;3;1;3;3;1;7;130;14.3;5;2.866483846;17.62;1.353333333;17.33333333;44.11333333;7.7501195148716;3.30643790361635;4.00124008053781;6.03636545982231;36.2510667176191;10.8268552170711;14.2861525883842;41.6052285078592;1.68439995743129
BGM-2222;7;5;5;3;3;8;3;5;3;1;1;5;1;5;3;7;5;1;1;1;3;1;2;2;7;0;2;0;4;3;2;7;90;16.36;4.6;3.567231404;27.52;2.35665841452208;26.374466558463;58.7035885462208;6.18753892481935;4.03559442651072;3.41620027860055;5.11868902952942;33.7369879096283;14.7152699223432;15.6489890945613;48.9855685496015;1.69190618285689
BGM-2236;7;3;5;3;3;7;1;3;1;1;1;3;1;4;3;3;5;1;1;1;1;0;2;2;3;0;3;0;3;3;1;5;0;18.66;3.16;5.903672518;31.5;2.086666667;17.88888889;67.97444444;8.1065782479713;5.02280488177383;3.33547393562781;5.96778931616455;35.7425209783696;16.1751862525685;27.3037028756318;35.6170601762703;2.18783854406396
BGM-2290;3;5;5;3;1;5;4;3;2;1;1;5;1;2;3;7;5;1;1;1;1;0;1;2;7;5;2;0;4;7;1;3;0;14.92;3.66;4.100090986;19.06;2.043333333;26.33333333;71.81333333;7.76339745519747;3.7135903426226;3.77463689605772;6.55079717917208;37.5410135916127;17.5770196738997;15.6094453949267;55.1008897208483;1.66605563782347
BGM-2338;3;7;3;5;3;9;4;3;4;4;1;3;1;5;5;3;3;1;1;1;2;3;1;3;7;5;3;1;3;3;1;5;100;12.94;3.55;3.649023711;14.93;2.280833333;33.5;53.30666667;4.40938442258028;4.81362221503073;3.40153567892672;7.6984683553617;34.2351432123782;17.5349870723412;17.241311636107;51.7768674049787;1.79145604124261
BGM-2342;5;3;5;3;3;9;3;3;3;1;2;5;1;4;3;7;5;1;2;1;2;2;1;3;7;0;3;0;3;3;3;5;95;7.4;1.62;4.623275336;13.72;1.866666667;16.33333333;51.26333333;5.44217565836159;4.03559442651072;3.36264792522726;7.1843365943411;34.5432639601562;16.3860293382848;16.9519417325973;47.2094417664895;1.98343284570933
BRS-Amansa-Burro;5;3;5;3;3;9;2;3;3;1;1;3;1;5;3;3;5;1;2;1;3;2;1;2;7;0;3;1;3;3;2;5;100;14.68;3.78;3.897276057;14.98;1.906666667;28.33333333;61.98;5.55532048521747;5.50441731332805;3.60220271790701;8.69710322150294;37.3564533809005;27.5095608801184;28.3249295387292;46.9238754868927;2.31944565018291
BRS-Mulatinha;7;2;3;3;3;9;4;3;4;1;1;3;1;5;7;3;3;1;1;1;2;2;2;3;7;5;3;0;3;3;2;5;100;14.85;4;3.729110971;20.05;2.165;24.01666667;66.18916667;7.94831456378706;4.89351559417285;3.19829491725729;7.51433422654912;37.437824850543;25.9024249727723;29.2103898845296;45.8660381718319;2.33310402902725
CPAFRO-27;3;9;3;7;3;7;2;3;4;3;1;5;1;5;3;3;3;2;1;2;2;3;1;3;7;5;2;1;3;3;2;7;100;11.92;4.38;2.720440283;18.48;2.23;26.33333333;63.28333333;5.44217565836159;4.03559442651072;3.36264792522726;5.23472734644128;35.9105842498446;17.9105764597128;18.5698535162092;47.161841288855;1.86450876776224
