Acessos;CorFolhaApical;CorPeciolo;CorFolhaDesenv;CorNerv;CorCortexCaule;CorExternaCaule;CorEpidCaule;CorRamosTerm;CorExternaRzs;CorCortexRzs;CorPolpaRzs;NLobulos;Pubescencia;FormaLobuloCentral;PosicaoPeciolo;Sinuosidade;ComprEstip;HabCrescCaule;TipoPlan;MargEstip;HabRamif;NiveisRam;ProemCicatrizesFolhas;FormaRzs;TxtEpidermeRzs;PresPedunculoRzs;PosicaoRzs;Flowering;DestqPelicRz;DestqCortexRz;ConstrRzs;ComprFilotaxia;AnguloRamif;ComprLobulo;LargLobulo;RelComprLar;ComprPeciolo;EspEntreCasca;ComprMedRzs;DiamMedRzs;HCNPic;NR;PA;DRY;DMCsg;PTR;PPA;IC;AP
100;BGM-0022-TB;7;5;5;5;2;6;4;5;4;3;1;3;1;4;3;7;5;1;1;1;2;3;1;2;7;5;2;0;3;3;1;5;90;13.26;3.98;3.335392535;18.46;2.75;32.77777778;62.88777778;4.61724968312554;3.40930013005686;3.73020186310042;6.18975102283357;36.8343488804279;13.2262595728159;15.0342772450913;47.728391261537;1.67290975654313
101;BGM-0023;7;1;5;3;3;7;1;3;1;1;1;5;1;4;3;7;5;1;1;1;2;2;2;2;3;0;2;0;4;3;2;7;90;14.26;2.62;5.454587288;20.92;2.01;26.66666667;58.55666667;7.76339745519747;3.57006927607171;2.70037023218233;6.79884614182168;33.9503591759434;24.7545418851527;29.5366158592818;47.7417979570777;1.90328078340375
113;BGM-0037;3;3;5;3;3;6;3;3;3;1;1;5;1;2;3;3;5;1;1;1;1;0;2;2;7;3;3;0;4;3;1;5;0;14.02;2.88;4.98333271;18.08;2.783333333;27.375;57.64833333;7.28656959881236;3.97482174198887;2.47132509601755;5.99277779481741;36.8500549436215;17.6389099888655;16.7865876759574;49.822044873557;1.85659722532939
124;BGM-0050;3;1;3;3;2;8;1;3;2;2;1;5;1;5;3;3;5;1;3;1;3;2;1;4;7;5;2;0;4;3;2;5;90;17.08;4.98;3.431073698;29.04;2.27;31.75;58.92166667;7.92154278878565;3.61546700962907;2.56375118539848;6.86564083193494;34.1116179628354;23.4501206965712;20.6869325230075;51.230357165458;1.97607609722011
130;BGM-0058;9;9;7;3;3;7;2;7;1;4;2;5;0;4;7;3;5;1;1;1;3;1;2;2;3;5;3;0;3;3;3;5;90;21.74;3.44;6.327951681;30.64;1.96;32.55555555;66.14888889;7.32792395675993;4.50456747921733;3.00154086915451;5.86316285017247;33.546268116204;28.9793783699424;29.4021774488478;45.7715625996214;2.40066760568912
157;BGM-0096;5;5;5;3;3;7;3;5;3;1;1;5;1;9;3;3;5;1;4;1;1;1;2;2;7;5;3;0;3;3;1;3;0;18.7;4.02;4.669242875;31.16;3.61;30;68.88666667;7.92154278878565;5.10690020740293;2.68946595098974;6.16610015512718;33.5852215877869;21.5698480424717;30.1764343735262;41.8103399749282;2.21674737421521
164;BGM-0111;5;5;5;3;3;6;3;5;4;2;1;5;1;5;3;3;5;1;2;1;2;2;2;1;7;3;3;0;4;3;1;3;100;15.54;2.52;6.193107395;20.48;2.546666667;21.33333333;55.96666667;6.18753892481935;4.03559442651072;3.22282428637716;6.23616597837418;33.4744188891979;23.0426191929579;20.826291472291;46.7425950238963;1.8618735373687
188;BGM-0138;7;9;5;9;3;9;4;7;4;1;1;5;1;5;5;3;5;1;1;1;2;2;1;2;7;3;3;0;3;3;2;5;120;16.98;4.54;3.742594975;26.14;1.815416667;31.38541667;59.441875;7.92154278878565;4.28377837954244;3.4030962919388;6.17762421925913;35.1979403111752;19.652879529299;17.9773294384256;54.0350911866967;2.07627128068481
192;BGM-0145;9;5;5;5;2;7;4;5;4;3;2;5;1;5;3;7;5;1;2;1;1;0;2;2;7;5;3;0;3;5;2;5;0;18.24;5.62;3.255234535;27.64;3.603333333;24.125;60.835;3.94742512804512;4.45641135360693;2.55884284311951;5.32934120011208;32.0473228635928;17.7156395693375;23.2350557094929;43.9812090984283;2.19183216135909
193;BGM-0146;7;7;3;5;3;9;3;7;4;1;1;5;1;5;3;3;5;1;1;1;2;0;2;2;7;5;3;1;4;3;1;7;70;15.24;5.22;2.921577312;26.04;2.35665841452208;26.374466558463;58.7035885462208;6.18753892481935;4.03559442651072;3.54196005663819;5.74539007442599;35.5300211053526;18.5698574750477;18.2902992903013;47.0023896615595;1.85600327537627
195;BGM-0149;9;3;5;3;2;5;4;3;4;4;2;5;0;5;3;3;3;1;3;2;2;1;2;2;7;5;3;1;3;7;1;5;90;14.24;3.76;3.78464657;21.18;2.35665841452208;26.374466558463;58.7035885462208;6.18753892481935;4.03559442651072;2.66078078380946;6.91202035631121;33.5548608765888;25.1488281747524;30.4115632466382;47.9525391104318;2.15450017012055
229;BGM-0183;7;7;3;5;2;7;1;5;3;1;1;5;1;5;3;3;5;1;1;1;1;3;1;4;7;0;3;0;4;7;1;3;0;22.12;5.36;4.133408221;29.5;3.176666667;36.66666667;59.66333333;3.76165391831386;4.22918562695248;3.75862010020658;5.50251652097596;31.847855975833;20.095782069128;25.3870191433895;43.8963092518291;2.07147280147029
233;BGM-0187;5;7;5;3;3;6;3;5;3;2;1;5;1;5;3;7;5;1;1;1;3;2;2;2;7;3;3;0;3;3;1;5;90;19.58;5.64;3.47083826;27.46;2.303333333;26.25;52.59916667;3.09994830858127;3.77210819304943;3.36012327883806;7.06445885146911;34.1916560659947;19.7435321207056;19.5385558087925;49.3451844003266;1.96227518134698
238;BGM-0199;5;5;5;5;3;6;2;5;4;1;1;3;1;5;3;7;5;1;2;1;3;2;2;2;7;5;3;0;4;3;2;3;100;9.36;2.78;3.379316138;14.84;2.496666667;27.20833333;59.57833333;7.98313728751899;2.82355563480583;3.56174518250882;4.38857749104665;34.3026597890562;10.0833312503008;17.1110594459644;38.1792991405127;1.78179160657376
241;BGM-0204;7;3;5;3;2;6;2;3;4;4;2;3;0;5;3;3;5;1;1;1;3;1;1;2;7;5;3;0;3;3;1;5;90;14.84;4.38;3.384081633;19;1.82;22;58.03;6.15361717336118;6.32402985054562;3.50888742948902;4.54115604838717;33.2553285177617;18.119227052644;16.3453099394508;51.1157810730206;1.68578331965822
246;BGM-0209;9;3;5;3;3;6;2;5;4;1;1;5;0;2;3;7;5;1;1;1;1;0;2;2;7;5;3;0;3;3;2;3;0;18.44;6.26;2.946176003;27.28;2.9;29.70833333;64.43666667;7.92154278878565;4.96607801805223;2.90267259327388;5.10555076101502;33.3222294966082;17.1597768589126;21.8728603625118;45.0530323354442;2.01433472161526
249;BGM-0212;5;7;5;5;3;6;2;5;4;1;2;5;1;5;3;7;5;1;1;1;1;1;1;2;7;5;3;0;3;3;1;4.87006678809958;40;13.62;3.5;3.897380031;18.84;2.243333333;26.875;62.27666667;3.64154395652377;4.09657668015535;2.1847792855195;4.66622850477809;34.7032799050337;14.9013235499307;16.8172049823192;46.418320866828;2.15797786924299
258;BGM-0226;3;7;5;5;3;6;2;5;4;1;1;5;0;5;3;3;5;1;2;1;3;1;1;3;7;3;3;1;3;3;2;5;90;8.54;3.12;2.742531328;11.98;2.3;27.00083333;51.9875;4.90656895204343;3.2982502404816;3.9964217097919;4.59586916415816;36.4719336432962;12.1371975333243;18.587721749908;38.3534344690167;1.70124224277876
273;BGM-0250;7;3;5;3;2;5;2;3;3;3;2;3;1;5;3;3;5;1;1;1;2;2;1;2;7;3;3;1;4;7;1;7;100;15.64;4.88;3.208358735;20.14;1.896666667;25.66666667;45.74;6.18753892481935;4.44662945431384;2.95367851253822;4.881552019485;32.050545318425;15.9608360423083;13.7807661729263;50.3648568833864;1.77088012612094
274;BGM-0252;5;5;3;3;2;5;4;3;4;3;2;3;1;5;1;3;3;1;1;1;3;2;1;3;7;5;3;1;3;5;2;5;120;12.38;3.8;3.277371284;15.56;1.39;25.66666667;52.61;3.81308749104245;4.74721222726608;3.3184954176502;6.57999011189435;32.3528380589488;18.931736092241;20.5446583081128;48.1275822067453;1.90852572718254
278;BGM-0260;3;9;3;5;3;3;4;5;4;4;1;5;1;5;3;7;5;1;1;1;2;1;1;2;7;3;2;0;3;3;1;5;90;14.94;4.92;3.040997268;23.7;2.52;24.75;46.7275;3.37810949793085;4.18575833178413;3.3947549382194;5.20737854326993;35.7816594075972;13.4259830414779;15.038355886392;41.8548687876011;1.8549795961425
282;BGM-0266;5;7;3;3;2;8;3;5;3;2;1;5;1;2;3;3;5;1;3;1;3;2;1;3;7;3;3;0;4;3;2;5;90;11.68;3.48;3.352274727;21.44;2.176666667;19.44444445;52.95444444;3.91334808343291;3.20420369484274;3.67389450533404;4.69756573218787;35.1359123706822;14.4739926680082;18.7559426823693;43.3525278033673;1.84965511791865
287;BGM-0271;3;7;3;7;3;9;2;3;4;1;1;3;1;5;3;3;3;1;1;1;2;2;1;3;7;0;3;0;4;3;1;5;120;14.92;4.28;3.505637007;19.66;2.596666667;44.66666667;68.99333333;7.77784216764392;4.17741291663014;3.39009817508423;6.90746151458784;34.6452769641022;23.1527563188748;20.0112466903086;52.0866733600708;1.89363337943215
293;BGM-0281;5;3;5;3;3;9;3;3;4;1;1;5;1;5;3;7;5;1;1;1;1;0;2;2;7;3;2;0;3;3;2;5;0;19.28;5.34;3.613604767;27.8;2.336666667;30.27083333;64;7.92154278878565;4.82559566492225;3.43790977567739;6.54933294534179;36.1366838131427;22.3130271452206;18.436407872952;57.1115002517041;1.93023707010456
295;BGM-0283;5;7;5;5;2;6;2;7;3;3;1;5;1;5;3;7;5;1;1;1;2;0;2;2;7;5;3;0;3;3;2;5;90;17.34;5.9;2.93914475;33.84;2.91;23.79166667;63.53;7.97510675976724;3.86959272150874;3.2949176225441;5.63011840682151;34.2783877720506;19.0908412687997;24.8041778119951;43.5612348266655;1.76398537585727
310;BGM-0307;7;5;3;7;2;7;1;3;4;4;1;5;0;2;3;7;5;1;1;1;2;3;2;2;7;3;3;0;3;3;1;7;90;12.96;3.76;3.455996903;18.06;1.496666667;23.44444444;46.85444445;4.77455557015514;3.62387432161134;3.44997659959346;4.50214710071978;34.1179862358295;11.2337133620245;19.8819793521006;34.4907479425846;2.08392672277148
319;BGM-0320;7;2;5;5;3;9;4;5;4;1;1;5;1;5;5;3;3;1;2;1;3;3;1;1;7;5;3;0;3;5;1;5;110;16.04;4.44;3.612626263;19.8;2.186666667;35.66666667;69.24;6.18753892481935;4.95721254302429;3.42573504900262;5.92340601873858;35.2443052685301;28.600398515277;24.9307092408482;50.4887323955705;2.20235372958775
326;BGM-0332;5;5;5;3;3;6;1;3;4;1;1;5;1;5;3;3;5;1;3;1;2;1;2;2;7;0;3;0;3;3;2;5;100;13.22;3.36;3.943842166;19.32;1.863333333;28;91.83;6.18753892481935;4.27334064844847;3.39009817508423;7.29947005424046;35.4058380356009;25.1390468622521;20.3974336836041;51.8006319125436;2.03487236568142
328;BGM-0337;7;5;5;3;3;9;2;5;4;1;1;5;1;5;3;3;5;1;1;1;1;0;2;2;7;5;3;0;3;3;2;5;0;15.02;4.44;3.412052543;27.72;1.666666667;29.66666667;40.32333333;6.18753892481935;4.39224746951222;2.75262111887899;7.99560271186782;36.5932363455227;30.4735985455719;20.6325743394441;57.0959048382631;2.10677336358223
336;BGM-0352;5;7;5;5;1;7;4;7;3;1;1;5;1;5;3;7;5;1;1;1;3;2;2;1;7;5;3;1;4;3;2;5;90;14.76;3.66;4.030571716;22.02;1.596666667;23;59.11333333;3.72025234532753;3.69791752623547;3.57904966618149;5.81448017900782;28.0848871209354;22.2879444797479;14.7100882904353;60.2541610014322;1.76488196405549
338;BGM-0357;7;7;5;5;2;5;2;5;4;1;1;3;1;2;3;3;3;2;1;1;2;3;2;2;7;3;2;1;3;3;2;3;100;17.52;5.84;3.001028433;20.92;2.46;30.16666667;74.71666667;3.66162042865286;4.0745794809495;3.9218979566768;4.83715187554043;32.7979049055032;17.1155545269936;13.0067181675215;54.8535910856932;1.69287311405185
381;BGM-0421;3;7;5;3;2;9;4;5;4;1;1;5;1;5;1;7;5;1;1;1;3;1;2;1;7;0;3;1;4;3;2;5;90;12.68;3.14;4.040826508;13.52;2.273333333;19.70833333;53.05166667;5.60961200889246;4.7659402405618;3.43810942704884;5.77119926155394;35.430523760459;19.021468170194;27.0723869424279;42.3519067525974;2.07762810915767
382;BGM-0422;5;5;5;3;3;9;2;3;4;1;1;5;1;7;3;3;5;1;1;1;2;2;1;2;7;3;2;1;3;3;2;5;100;12.58;2.98;4.22192928;17.52;2.183333333;20.25;54.49;4.75276225757202;4.10112566439704;3.32606921317457;6.43173432853352;35.3915607196246;21.1439324553001;22.5562186251299;44.5353590468056;2.10319258624196
385;BGM-0425;7;1;5;3;3;8;1;3;4;1;1;5;1;5;3;3;5;1;3;1;3;1;2;2;7;5;2;0;4;5;1;5;70;14.44;3.76;3.846090253;13.56;2.436666667;27.44444444;71.48777778;7.85020677948608;4.11940649826665;2.94986096623812;7.65111084850697;37.3257094476845;22.7450218841533;30.4799317202885;44.6640267204817;2.19873873689862
400;BGM-0444;7;5;5;3;3;9;3;5;4;3;1;5;0;5;3;3;5;1;1;1;3;2;2;2;7;3;2;1;3;3;1;5;90;11.94;2.6;4.601608311;16.36;2.946666667;27;69.19166667;4.23040664747072;3.60629687303301;3.56193781388305;6.0762513397597;32.8384565919033;21.0773147018686;19.6281404714446;50.178343210594;2.02427307612861
413;BGM-0465;7;3;5;3;3;9;2;3;4;1;1;5;1;5;3;3;5;1;3;1;3;3;2;3;7;5;3;0;4;7;3;7;70;19.34;6.14;3.15078387;24.5;1.386666667;19.44444444;60.84777778;7.85020677948608;3.94565753995376;3.59157027027839;5.67103484321212;36.765783518319;18.8385191868896;20.9325557303311;47.5520614792849;2.12176400350241
471;BGM-0557;7;5;5;5;3;7;2;3;3;1;1;3;0;5;7;3;5;1;1;1;2;2;1;2;7;5;2;1;4;3;1;5;90;13.24;4.2;3.159446367;17.7;2.373333333;24.70916667;57.67666667;3.56963689596792;4.04543168742408;3.90221298818151;6.10619466071122;36.5723512588292;19.3956988201479;20.0347345948905;46.5108809021646;1.8944191844201
472;BGM-0558;5;5;5;3;3;6;3;5;4;1;1;5;1;9;3;7;5;1;1;1;2;3;2;3;7;5;3;1;4;7;3;7;90;17.3;2.98;5.83367089;22.32;2.046666667;22.66666667;65.04666667;4.97946686457707;3.69418216197873;4.24131052234762;5.65337998461908;35.1001091446955;17.2255675773088;12.8968415923683;54.1701832525585;1.6437716105605
478;BGM-0565;3;3;5;3;3;9;3;3;4;2;1;5;1;5;3;3;5;1;2;1;3;3;2;2;7;3;2;1;3;3;2;5;90;12.72;3.52;3.636515351;14.3;6.393333333;13;66.34333333;6.18753892481935;3.30168555841767;3.37649403644386;4.87123977170531;33.2214222020389;13.3564330727024;16.7903673203482;40.2257750160653;1.99201466553829
480;BGM-0570;9;5;5;3;3;9;2;5;3;1;1;7;1;7;3;7;5;1;2;1;2;1;2;2;7;5;3;0;4;3;2;5;0;13.18;2.52;5.229208896;22.82;2.113333333;23.625;50.305;5.71767250644684;3.9669167964261;2.971640640846;5.69630079963863;33.9993306524939;19.1175053765252;19.5851034762186;48.4298708061429;1.78010389455426
493;BGM-0593;7;5;5;3;3;9;2;3;3;1;1;5;1;5;3;3;3;1;1;1;1;0;2;2;7;5;3;0;3;3;1;5;0;12.76;3.12;4.129897593;17.72;2.14;23.19444444;50.88222222;4.48638948133082;4.37534192217854;2.98149992152214;5.28457956661721;35.525803857478;16.519835386163;13.4753991748627;52.4482923608521;2.00626639352082
496;BGM-0600;7;7;5;3;2;6;2;5;4;1;1;5;1;5;3;3;5;1;1;1;1;1;2;2;7;5;3;0;3;3;1;5;110;15.66;5.26;3.015194013;29.8;2.133333333;30.66666667;49.12333333;4.23299055152624;4.38373746943933;3.76826492239317;6.8539903991352;36.8098303728692;21.5894888972054;23.8381158610614;45.9806227073873;1.88387049269493
513;BGM-0623;7;3;5;3;3;9;3;5;4;4;1;3;1;5;7;3;5;1;1;1;2;2;2;3;7;3;3;1;4;7;2;5;110;16.28;4.54;3.585626478;26.72;1.796666667;38.66666667;74.47333333;3.59843129414722;3.4055638570987;4.35508372550945;3.85306869551031;35.7664455551717;8.66473325396205;17.2823377610914;32.0420046295001;1.61431297111843
517;BGM-0630;5;2;5;3;3;6;2;3;4;1;1;5;0;5;3;3;5;1;2;1;1;0;2;2;7;3;2;0;4;5;1;3;0;16.26;5.28;3.07779334;23.32;0.88;19.55555555;37.40888889;7.23171876554929;3.93611441933761;4.01230321154937;3.94939896777998;33.6385390818067;15.3141930657137;20.4730896105967;34.8719554940954;1.8718986194158
522;BGM-0639;3;3;5;3;3;7;1;3;1;1;1;5;1;2;3;3;5;1;2;1;2;1;2;3;3;5;3;0;4;3;3;5;80;10.38;4.92;2.113060524;20.08;3.833333333;25.77777778;56.72111111;8.000158413501;3.44814138358477;2.85206616961312;6.08845025284048;35.7804792595732;17.6172509269319;19.2954345430854;44.4174941136465;1.70811489826105
539;BGM-0660;3;1;5;3;2;3;3;3;4;1;2;5;0;5;3;7;5;1;2;1;2;2;2;3;7;5;3;1;4;3;3;5;110;17.44;3.74;4.709911423;24.04;2.95;19.91666667;60.695;8.14115154264673;3.51855132958858;4.37195532695769;4.78878946529417;34.8545318932929;13.9960779092667;19.5152208437619;37.5830528146844;2.02926143930905
540;BGM-0661;5;5;5;3;3;9;3;5;4;1;2;5;1;5;3;3;5;1;2;1;3;2;2;2;7;5;3;0;3;3;2;5;100;13.62;3.68;3.701957397;20.62;2.82;35.29166667;73.92583333;8.14115154264673;3.84349975778627;3.90394127323731;6.42126957900868;36.5963217891808;22.1756611432641;25.0559744206724;44.4544053668907;1.88353701681475
552;BGM-0675;7;2;5;3;3;9;3;3;4;2;2;5;0;4;3;3;5;1;2;1;2;2;2;3;7;3;3;1;3;3;3;5;100;13.58;2.14;6.351596382;17.68;2.713333333;21;45.00666667;7.78053566441631;4.03559442651072;3.8891422254005;5.55343947711045;36.6333269579794;16.6942409776368;16.5964665988793;42.2050238063172;2.01707644598351
554;BGM-0678;9;5;5;5;3;7;3;7;1;4;2;5;1;2;3;3;5;1;3;1;3;3;2;2;3;5;3;1;3;3;1;7;90;21.74;6.86;3.180938375;38.46;2.926666667;23;58.50555556;8.09171330337497;3.92761448415473;2.98144472325271;5.83461881425818;36.7063998832099;17.253282194483;14.8807935488235;49.9042408407024;1.8008602430307
574;BGM-0717;3;7;5;3;3;6;3;3;4;1;1;5;0;5;3;7;5;1;1;1;2;0;2;2;7;5;3;0;3;3;2;5;90;16.12;4.78;3.376485929;20.82;2.91;30.08333333;69.4925;5.37978638594536;4.24278576640602;2.72914553300086;7.918462163355;35.7656007287748;29.0321386592864;28.933619278937;48.9707341228084;2.31960846701989
578;BGM-0729;5;7;5;3;3;7;1;3;1;4;3;5;0;5;1;7;5;1;1;1;3;2;2;2;3;5;2;0;4;3;3;5;70;12.64;2.96;4.264849936;14.14;3.443333333;25.76666667;67.1175;7.24648836392411;2.42880895252594;3.46789167723098;4.17763094551481;33.6084332048299;11.9685948864883;15.038925257995;36.8001517234483;1.88412963903339
589;BGM-0780;5;9;5;3;3;7;2;5;1;4;3;5;0;5;3;7;5;1;2;1;3;1;2;2;3;3;3;0;4;3;3;5;90;21.82;6.86;3.186785087;35.3;2.446666667;26.5;70.4475;8.07691405262126;3.13604964919152;4.02288414127476;5.68696539637528;36.8776365197291;15.692158650487;15.2959485474947;48.8054107869628;1.88545895470866
590;BGM-0780-B;9;9;5;7;3;8;2;5;1;3;1;5;0;3;3;3;5;1;3;1;2;2;1;2;3;5;2;0;4;3;2;5;100;13.34;4.3;3.108021673;21.6;2.428333333;20.42222222;63.08833333;7.9472433028243;3.87771139306192;3.28203335815656;4.9405615259065;35.5010988934801;17.4998059969176;16.067863894692;51.5374800193315;1.88047997145454
635;BGM-0854;5;3;5;7;2;7;3;5;3;1;1;5;1;5;3;7;5;1;1;1;2;1;1;2;7;5;3;0;3;3;2;5;70;14.8;4.02;3.69229844;21.72;1.716666667;23.33333333;54.39111111;3.7163955063975;4.83535352557395;3.43103887640327;5.12114907286022;35.1011510242667;16.4887487677614;20.935158532127;43.106491592902;2.20123642063065
638;BGM-0857;5;3;5;3;3;6;3;5;4;1;1;5;1;5;3;7;5;1;2;1;3;3;2;3;7;5;3;0;3;3;3;5;120;16.14;4.76;3.392350243;20.9;2.016666667;30.10416667;67.4475;6.1818970000718;3.82417573243369;4.23341830932023;6.54841856621052;36.9663081836157;22.2904984730358;25.820433035574;49.4705906614213;2.15516072551154
655;BGM-0884;5;3;5;3;2;5;4;5;4;1;2;5;0;5;7;7;5;1;2;1;3;1;2;2;7;5;3;0;3;3;1;7;90;11.36;3.46;3.321726191;16.94;1.53;23.66666667;56.17111111;6.1818970000718;3.94788248346161;3.90044883915945;6.05876244245513;32.6675635063113;21.2950132812607;19.5605562255082;48.9344629473589;1.88427957940343
664;BGM-0894;7;3;5;3;3;9;3;5;4;1;1;5;1;5;3;3;5;2;1;1;1;1;2;2;7;5;3;0;3;3;1;7;80;14.62;4.28;3.415795832;22.84;2.033333333;21.33333333;51.13666667;6.1818970000718;5.16844684585633;3.73518791591394;4.87100627592561;34.0199649602073;16.9941703003458;18.0409067354011;47.8132986208444;1.78237906962431
668;BGM-0900;9;3;5;5;2;6;2;3;4;1;1;5;1;5;3;7;5;1;1;1;2;1;2;2;7;5;2;1;3;3;2;5;90;17.22;5.2;3.318539827;24.7;2.863333333;24.95833333;53.18416667;7.92142180354263;3.96550980393015;3.77719691664854;4.64685930702742;37.5151871293492;12.3124065574983;20.8316407338158;38.364990591516;2.07206157996727
683;BGM-0919;9;9;9;9;3;9;3;7;4;2;3;5;0;4;7;3;5;1;1;1;3;2;2;2;7;0;1;1;3;3;1;5;90;14.32;2.04;7.090382659;18.56;2.926666667;18.58416667;61.29333333;8.11838689890699;3.7171514849401;3.26310536556665;4.70905700982425;32.2215220049396;15.4580133343763;16.597845352569;46.2948632336467;2.02796026070407
685;BGM-0922;5;7;5;7;3;9;3;7;4;1;1;7;1;5;3;7;5;1;2;1;3;1;2;2;7;5;3;0;4;3;1;5;120;11.92;4.74;2.558018794;16.6;2.246666667;23.89583333;76.36916667;4.09556468171781;3.1134526379531;3.50323368852639;5.44477965191761;33.180670172553;17.4602154157008;15.9313367443184;50.7661881670819;1.9082739207724
701;BGM-0943;5;7;5;3;3;9;2;3;4;2;2;3;0;5;3;7;5;1;2;1;2;1;2;2;7;5;3;1;3;3;1;7;70;13.2;3.2;4.166567085;26.56;2.35;25.91666667;62.28666667;8.06792786493177;4.21604092319177;3.52952593343435;4.97104196958212;34.5933716208041;13.7333119874035;18.1726040391084;37.3665655811194;1.97404538205322
710;BGM-0953;3;7;5;3;3;6;2;5;2;2;3;5;0;5;7;7;5;1;1;1;2;2;2;3;3;3;3;0;4;3;2;7;90;13.36;4.62;2.926707254;19.52;2.693333333;19.29166667;59.64666667;7.80222031846695;3.96563948734531;3.44056246744079;5.8156274434031;35.0686396150171;18.6202500423203;27.0273207776956;37.6029739771686;2.35864527499822
713;BGM-0957;3;3;5;3;3;9;3;3;4;3;1;3;1;5;1;7;5;1;2;1;2;2;2;3;7;3;3;1;4;3;3;5;110;12.62;2.94;4.321712159;15.48;3.123333333;24.97916667;52.91666667;8.03181092769069;3.62731082975124;4.06974350763896;4.91890380832086;35.3579798638268;16.2430531482477;18.4967363644618;44.5473525690792;1.84607819120045
717;BGM-0961;3;7;5;3;3;9;3;7;2;2;3;5;0;5;1;7;5;1;1;1;3;2;1;3;3;5;3;0;3;3;2;5;90;15.54;2.66;5.895898642;23.6;2.866666667;18.85555556;51.01222222;8.0919989413381;3.63663570874341;3.63943965500773;4.30439485695536;35.6853357425576;10.8484849482361;20.7514699657264;32.1545054464862;2.19050968372275
720;BGM-0965;3;3;5;3;3;9;3;3;4;4;1;5;0;5;7;3;5;1;2;1;3;2;2;2;7;3;3;1;3;3;1;5;110;12.3;3.9;3.162323115;21.18;3.973333333;19.72222222;58.08888889;7.91419000285762;3.79743088921945;3.96904388977234;6.60841976776062;34.556125624711;24.4805033533632;24.0501758028017;47.7254217217513;1.84282804309782
722;BGM-0967;7;5;5;3;3;9;3;5;3;2;2;5;0;5;7;7;5;1;1;1;1;0;2;4;7;3;3;1;3;3;3;5;0;16;3.66;4.384346522;17.48;2.566666667;18.66666667;56.93916667;5.59348011897749;3.52218045592258;2.32340874111072;5.51740951301041;36.3063170225423;16.3542117267768;20.7279130936946;44.0957776431539;2.19137541852067
748;BGM-0998;7;2;5;3;3;9;3;3;4;3;2;5;1;4;3;3;5;2;2;1;2;2;1;2;7;5;3;1;4;3;1;5;100;14.22;2.26;6.386143486;13.42;1.513333333;22.91666667;49.8975;4.20115661655881;3.06073312263924;3.95159117057453;4.42875507161152;36.0665174978068;11.9603185182648;13.3228583065812;43.4693733868494;1.78262150522326
749;BGM-1006;3;2;5;3;3;3;4;3;4;1;1;5;1;7;3;3;5;1;2;1;2;2;1;1;7;0;3;0;3;3;1;5;100;10;2.16;4.629977414;14.6;3.48;16.9375;59.29916667;6.16405530317744;3.97441164427746;4.12776354442229;3.95468728526496;32.0678349828773;11.0646224769187;14.9785629592983;39.8575781472722;1.70575312289567
753;BGM-1023;7;5;5;3;3;9;3;5;4;3;1;5;1;5;3;7;5;1;1;1;1;0;2;4;7;0;3;1;3;3;2;5;0;12.74;3.26;3.904338451;14.96;3.203333333;21.3125;68.50666667;4.18314085602423;4.46105015288305;2.4744589884101;4.63853458395948;35.69402669862;14.4776822410688;19.8458256939916;44.2019144040126;2.22197304743333
763;BGM-1037;7;7;5;5;3;9;4;5;4;1;1;5;0;2;3;3;5;1;1;1;2;2;2;2;7;5;3;0;4;5;1;7;90;13.74;5.12;2.687207581;27.88;2.003333333;27.66666667;45.50333333;6.16405530317744;4.03746839062538;2.94593514838535;7.4429149131065;37.2034226773524;25.6456413778617;25.1900494539706;48.4856257121067;2.03653899782838
766;BGM-1042;7;1;5;3;2;5;4;5;4;4;1;5;1;5;3;7;5;1;1;1;2;2;2;2;7;5;3;0;3;5;1;7;100;14.34;3.96;3.623819869;19.98;2.363333333;22.55555556;54.38111111;3.75522254054736;3.83840387452283;4.03841217082563;5.97056621550087;35.5535948360856;20.1472803114115;27.2731476580188;41.1785402798942;2.05770677154735
774;BGM-1064;7;2;5;3;3;9;2;3;4;1;1;5;1;5;3;3;5;1;2;1;3;2;2;4;7;5;3;0;3;3;2;5;90;9.78;2.22;4.424785302;12.72;2.183333333;25.97916667;69.5025;7.63074989002944;4.54785004697928;2.61346403212015;6.27167034904371;38.4488097486417;18.6625655955118;28.4158122488076;37.5133333868932;2.39780194723282
782;BGM-1081;5;7;5;9;3;9;3;5;4;1;1;5;1;5;3;7;5;1;1;1;2;1;1;2;7;0;3;0;4;3;1;5;90;12.78;3.22;3.982050119;19.54;2.053333333;20.60416667;59.93166667;4.37025602772311;4.12732445086154;2.62222238841347;5.51912798065039;33.9938652966005;15.8711470504432;18.7010622075202;39.7189716653944;2.22159428722441
785;BGM-1085;7;7;3;7;3;9;2;5;3;1;1;3;1;5;3;3;3;1;2;1;2;3;2;2;3;5;3;1;3;3;2;5;120;11.5;3.38;3.400440942;16.5;1.63;27.33333333;92.55;7.03381770491285;3.39945495158084;3.72629044806261;6.61259072602389;35.1687001237413;23.2236101924766;23.0925298634421;49.432432843558;2.13255267057807
791;BGM-1103;7;7;5;5;3;9;3;5;3;3;1;5;1;5;3;3;5;1;1;1;1;0;2;1;7;3;3;0;3;3;3;5;0;12.76;3.42;3.728746392;17.66;2.283333333;19.27166667;54.2075;4.16689838662711;3.96009743167759;2.68185853982074;5.54932654613151;34.9273029825441;17.0330813165199;16.9821977086295;47.9650975557582;2.00567557920363
800;BGM-1118;5;3;5;3;3;6;2;3;3;1;1;3;1;5;3;3;5;1;2;1;2;2;2;2;7;5;2;1;4;3;1;5;100;14.04;4.06;3.459482347;18.2;2.113333333;23.92083333;58.0475;4.60832766610421;5.54845405861953;3.85368235824538;7.41297843988288;34.2538451382771;24.9191875127901;17.0899549992538;57.7264763036804;1.74414121323535
802;BGM-1120;5;3;5;5;3;9;3;3;4;1;1;5;1;5;3;7;5;1;1;1;2;2;2;3;7;5;3;1;3;3;1;3;90;10.26;3.52;2.917928063;15.2;2.416666667;20.11111111;66.15777778;7.94075213557676;3.96144181776947;3.77331446629814;4.68026347635927;35.5463010094995;13.6677924465978;15.2961434957283;46.6900129061724;1.71864680342721
805;BGM-1123;5;3;5;3;3;6;1;5;3;2;1;5;1;5;3;7;5;1;1;1;2;2;2;2;7;5;3;0;3;3;1;5;90;16.6;5.12;3.252471878;28.94;1.68;24.33333333;58.79333333;3.91932152138549;4.17925875028663;2.57023965332035;5.27194667756998;33.2698864964276;20.1655739285552;27.020938139605;41.5415219327512;2.29652539609415
811;BGM-1130;3;5;5;3;3;6;1;3;4;3;1;5;1;2;3;7;5;1;1;1;2;1;2;3;7;5;1;0;4;3;3;5;90;13.24;4.28;3.098854701;27.78;1.136666667;8.5;40.02;3.55476809797119;3.90694359732941;3.17195862792848;5.73768076848485;30.4635060219196;13.5897734876229;14.444843676484;35.4136335765321;1.83277234289355
826;BGM-1148;3;2;5;3;3;6;3;3;4;1;1;5;1;5;3;3;5;1;2;1;3;0;1;2;7;5;3;0;3;3;3;5;90;14.2;3.46;4.165001213;20.64;3.173333333;28.76666667;62.14666667;5.69003463117589;4.81892574901382;3.39084445361692;7.51437651114061;36.5290784360603;24.342685910836;21.4486926820364;50.2975283108;2.16159827543115
830;BGM-1155;5;2;5;3;3;9;3;3;4;1;1;5;1;5;1;7;5;1;1;1;1;0;2;1;7;5;3;0;3;3;2;5;0;14.52;3.22;4.524749267;26.2;2.3;27.51666667;69.24833333;7.98599648310758;3.77533715197628;2.49425011465703;8.38104153571598;37.8504656639843;26.7765246812209;33.7170542691663;42.0986719801122;2.34021312782715
839;BGM-1165;7;3;5;3;3;9;3;3;4;1;1;5;0;5;3;7;5;1;1;1;1;0;1;2;7;5;3;0;3;3;3;5;0;14.44;4.28;3.378038389;22.98;1.55;19.33333333;57.70666667;6.18753892481935;3.88366890164808;2.5542570251233;7.41980262567989;37.9162488840493;26.8165196890724;31.8293070808838;43.0681523316998;2.28326352237159
840;BGM-1167;5;7;5;5;3;9;2;5;4;1;1;5;1;5;3;3;5;1;1;1;2;1;2;2;7;5;3;1;3;3;1;5;70;13.9;2.42;5.755969697;22.44;3.15;25.475;49.93083333;6.16405530317744;5.60057828260859;3.28139435766964;6.78998182489688;35.9612951927257;21.169451065153;25.8204331341362;44.0824674094013;2.13971388595241
843;BGM-1174;9;5;5;5;3;9;3;5;4;1;1;5;1;5;3;3;5;1;3;1;2;3;1;3;7;5;3;0;3;5;3;7;100;14.5;3.68;3.947631363;17.7;2.413333333;42.65555556;61.73;8.02729579745976;3.48879659950001;3.92322581122192;5.07937115034464;38.0010494577376;17.2815656809373;25.4924098218101;42.1994041564706;2.06322107505076
850;BGM-1183;7;3;5;3;3;6;4;3;3;2;2;5;1;5;3;3;5;1;2;1;2;2;2;2;7;5;3;1;4;7;2;7;80;14.02;3.58;3.942751051;16.32;2.35665841452208;26.374466558463;58.7035885462208;6.18753892481935;4.03559442651072;3.47970860478025;4.60052511481401;34.9587610307119;12.7897174709146;13.2655193285047;44.2606102602274;1.65691441738859
860;BGM-1196;5;3;5;3;3;9;3;3;4;2;1;5;1;5;3;3;5;1;1;1;3;1;2;2;7;5;3;0;3;3;1;5;90;15.22;5.16;2.950094739;18.64;3.316666667;26.14666667;59.02916667;4.21863498121012;3.50094490710717;3.81449394823906;5.96788113659404;35.2970071169573;15.3512004298215;17.5976380378218;42.6948549048311;1.8881430903267
872;BGM-1218;9;5;5;3;2;8;1;3;1;3;1;3;1;5;3;3;5;1;3;1;1;0;1;2;7;5;3;1;3;7;2;5;0;12.9;4.16;3.108415561;15.74;2.163333333;35;43.08333333;7.83904771723508;3.13034181634765;3.83163838171645;5.23469253309646;30.9015197373692;9.95848828534661;19.0297630172286;35.1254617875678;1.63987777161911
876;BGM-1223;7;3;5;3;1;5;4;3;1;3;1;5;1;3;3;7;5;1;2;1;3;1;2;3;3;5;3;1;3;3;1;5;90;20.54;5.34;3.864588401;29.82;2.953333333;24.66666667;62.02777778;8.01429672277034;3.45940978508915;3.38676388008538;5.40339534327351;33.9313582163012;13.6276353089467;15.1533760448319;50.9998745774086;1.65456726679448
891;BGM-1255;5;2;5;3;2;5;2;3;4;1;1;3;0;3;7;7;3;1;1;2;3;3;2;2;7;5;2;1;3;3;2;3;100;18.18;5.74;3.16976716;24.22;1.963333333;21.375;49.9075;6.7179047795924;3.71732797799131;3.96225363847862;4.46015343550052;33.7469636841479;12.7585863790121;9.1575354043203;53.7750388812158;1.32720811242836
899;BGM-1267;3;5;5;5;2;6;4;5;4;3;1;5;1;5;3;7;5;1;1;1;1;0;2;4;7;5;3;0;3;3;2;5;0;15.24;3.96;3.851561831;21.86;2.236666667;24.47666667;62.4575;7.96427879341128;4.75034263960279;3.31350442384362;4.96467258687843;34.5786304611839;15.5758338625418;15.2531515801052;49.4853800557372;1.88706191208027
911;BGM-1282;7;2;5;3;3;6;2;3;4;1;1;5;1;5;3;3;5;1;3;1;1;0;2;2;7;5;3;0;4;3;2;5;0;14.68;3.96;3.796407451;25.52;1.433333333;26;58.69333333;7.71509860425475;4.01756692436272;2.55029825230907;8.05613819143639;37.8223359375275;26.1871374239522;30.3219316944487;40.9656603822427;2.2833908614492
926;BGM-1298;7;1;5;3;1;8;2;3;1;1;1;5;1;5;3;3;5;1;1;1;2;2;1;2;3;5;2;1;3;3;1;5;90;10.56;2.96;3.573977354;11.06;2.416666667;21;64.64333333;7.78461574308053;5.00839966761153;3.28191764373624;4.65545099569873;36.0756543472703;17.5015312163642;22.5293972353032;32.6049830160477;1.90399502300415
930;BGM-1305;5;3;5;3;3;7;1;3;3;3;1;5;1;5;3;7;5;2;2;1;2;3;1;2;7;3;3;1;4;3;3;5;130;12.06;4.28;2.812881767;17.16;3.006666667;33.70833333;66.1075;7.98219305145881;2.91839213720375;4.22014954891401;5.7394909404407;34.9404441690591;16.5023342837121;25.2524037073823;37.1444572803092;1.99909609197053
933;BGM-1309;5;2;5;3;3;9;2;3;4;1;1;5;1;5;3;3;5;1;1;1;2;2;2;2;7;5;3;1;4;3;3;5;90;16.28;4.62;3.527222222;25.32;1.056666667;23.33333333;62.45666667;6.70401181397463;4.67745929138937;3.84620832918077;6.74626878834936;34.9061409812367;24.158826059966;27.2736366307297;44.8501111732846;2.15768985507846
935;BGM-1311;5;3;5;3;3;9;3;5;4;1;1;5;1;5;3;7;5;1;2;1;2;2;2;2;7;3;3;0;3;7;1;7;90;13.82;4.98;2.773758865;19.58;2.35665841452208;26.374466558463;58.7035885462208;6.18753892481935;4.03559442651072;3.60874791037327;4.9992555200126;38.1958421187461;13.085542576693;21.9224054468055;42.8120413517544;2.03000267538945
945;BGM-1324;7;7;5;5;2;4;2;5;4;3;1;5;1;5;3;7;5;1;1;1;3;1;2;2;7;5;3;0;4;7;1;3;80;17.76;5.72;3.097656409;24.96;2.813333333;24.54166667;59.69666667;8.11554627617207;3.38110540110683;2.75378245413912;5.04668128287959;34.9099328262427;16.3962685966977;13.8813884281424;51.745299409624;1.74189217340329
950;BGM-1329;5;5;5;3;2;4;1;3;1;1;1;3;1;2;3;3;5;1;1;1;1;0;1;3;7;3;3;0;3;3;2;3;0;13.38;6.02;2.225339346;23.38;1.293333333;27.66666667;47.17;7.3431372316789;4.01225806048389;3.0251738665762;5.54401647964402;36.0694098215083;14.2475103057474;13.6451591315001;52.8203716895622;1.59542688236011
966;BGM-1352;7;2;5;3;3;9;3;3;4;1;1;5;1;5;7;7;5;1;2;1;2;2;2;3;7;5;3;0;3;7;2;5;100;15.38;4.76;3.232858842;21.54;2.35665841452208;26.374466558463;58.7035885462208;6.18753892481935;4.03559442651072;3.54078606651365;4.54411855523235;35.2406197312599;11.7241522323624;20.0225126604797;39.0944223379221;1.68051559795455
990;BGM-1380;7;3;5;3;3;9;3;3;4;2;1;5;1;5;3;3;5;1;1;1;2;0;2;3;7;3;3;0;4;7;1;3;80;18.02;5.5;3.276748346;27.1;2.35665841452208;26.374466558463;58.7035885462208;6.18753892481935;4.03559442651072;3.31158758063574;6.30238193297825;35.0073795626046;21.7756020326708;20.101753015426;50.0438298830214;2.04932517063452
994;BGM-1386;7;2;5;3;2;7;1;3;1;3;1;5;1;5;3;3;5;1;2;1;1;0;1;4;3;0;3;0;3;3;3;3;0;19.52;5.28;3.702147523;26.08;3.593333333;29.45555556;67.98777778;7.981651047062;4.28451318167794;2.9347814823866;5.02254101411965;34.7975240287781;17.5816880847648;18.6727915323757;48.0067089962116;1.80861494583463
1003;BGM-1398;7;3;5;3;3;7;1;3;1;2;1;7;1;2;7;3;5;1;2;2;3;3;1;2;7;5;3;0;3;7;3;7;110;12.76;3.98;3.209553268;19;2.923333333;25.33333333;78.77666667;8.02841567514941;4.03559442651072;4.01544083178358;4.77983347120933;35.4633622650098;14.663024566743;20.2725489882716;41.7975205911025;1.93058684062496
1005;BGM-1401;5;3;5;3;3;9;3;3;4;1;1;5;1;2;3;3;3;1;2;1;2;1;1;2;7;3;3;0;3;3;3;5;90;11.1;3.44;3.219481196;16.06;2.356666667;41;68.50333333;4.41530681300198;4.03559442651072;4.05007775943638;6.15491615099366;35.5919209926532;21.147682626477;22.9976918479859;46.2575141391699;1.87901092786859
1008;BGM-1406;7;7;5;9;3;9;3;3;4;1;1;5;1;5;3;3;5;1;3;1;3;3;1;2;7;5;3;1;4;3;2;7;110;13.64;3.7;3.704125203;20.74;1.806666667;32;40.56333333;8.02841567514941;4.3124190277864;3.11910876772966;5.2693295924171;35.3366566773353;18.1301657950929;24.4027986051108;42.9097374967336;2.13018444090174
1015;BGM-1414;7;7;5;3;3;6;3;5;4;4;1;5;1;2;7;3;5;1;2;1;3;2;2;2;7;5;3;1;4;3;2;5;90;13.2;5.1;2.590196078;17.38;2.096666667;29;52.09111111;3.23193611042347;3.5794274769857;4.06806253052962;4.74936194627176;36.3006077379763;11.5697151139408;12.7056493304643;45.5194871714624;1.67339128356292
1032;BGM-1436;5;3;3;3;2;3;2;3;4;4;2;5;1;5;3;3;5;1;1;1;2;1;1;2;7;5;3;0;3;3;1;5;90;14.24;4.78;2.977386665;21.76;2.226666667;22.75;54.04416667;4.14785725971535;3.88296163132444;3.05180206621822;5.08607568670806;32.4317546995804;15.4201075029788;15.1812545267699;50.2997459497565;1.80476125928041
1036;BGM-1441;7;5;5;3;3;7;1;3;1;2;1;5;1;5;3;3;5;1;1;1;1;0;2;3;3;5;3;0;3;3;1;5;0;18.02;5.88;3.066004109;28.98;2.96;41.66666667;50.8;4.03546191830197;4.58782445139385;2.94053163336522;5.00581579020522;36.7322555255122;12.8299894078605;15.6795214886072;41.8081188511685;1.9951772007805
1042;BGM-1450;5;1;3;3;1;5;4;3;4;2;3;3;0;5;3;7;5;1;2;1;3;2;2;2;7;5;3;1;3;7;2;5;100;19.98;4.08;4.904481509;25.66;2.35665841452208;26.374466558463;58.7035885462208;6.18753892481935;4.03559442651072;3.54196005663819;5.07862059845607;36.9767892191176;12.8394879435172;23.8090053310548;31.9788767659608;2.00440130342823
1058;BGM-1475;5;5;5;3;2;7;1;3;1;1;1;7;1;5;3;7;5;1;2;1;3;1;2;2;7;5;2;0;3;3;1;3;100;10.96;2.9;3.813216366;15.92;2.613333333;27.125;58.88333333;3.72880960552515;3.89467007099001;3.44220499381331;4.68205361054116;35.1201876107426;13.4837876428794;16.2534018121281;45.755171537587;1.83731233973906
1068;BGM-1486;7;5;5;5;3;7;2;3;4;1;1;5;1;5;3;3;5;1;1;1;1;0;2;3;7;0;2;0;4;3;2;3;0;16.06;4.3;3.745923221;22.64;1.64;29.66666667;46.08;7.94831456378706;3.81087124912727;3.30663057750768;4.03070395623769;32.9600165725387;12.3949015235108;17.8277163566317;37.260125599403;1.86687135373768
1081;BGM-1502;9;3;3;5;3;9;2;7;3;1;2;3;1;2;3;3;3;1;1;1;2;3;2;2;7;5;3;0;4;3;2;5;90;12.34;4.78;2.580133272;20.72;3.61;31.66666667;75.28333333;4.0340805230106;3.28262124804849;2.82245959712255;5.6155115591581;35.8882666936872;17.3179543475314;16.521103114295;52.2612965788041;1.9333037353819
1093;BGM-1519;5;7;5;3;3;7;2;3;1;1;1;5;1;5;3;7;5;1;1;1;1;0;2;2;3;0;3;0;3;3;3;3;0;18.34;5.32;3.446610762;21.22;2.636666667;27;59.23333333;3.1628811774721;2.84655488447002;2.5802716753314;4.51802506341199;32.9292947936205;12.2381051288792;13.7624432886115;44.868053898532;1.88875099495386
1102;BGM-1534;7;3;5;3;3;6;2;3;4;1;1;7;1;5;3;3;5;1;3;1;2;1;2;2;7;5;3;0;4;3;1;7;100;20.66;5.82;3.549274462;30.74;3.57;34.55555555;52.57888889;7.91419000285762;3.99378391181356;3.6991779505696;5.5999113394612;34.5305189597364;19.9035697447282;37.2967472968081;37.5128767479876;2.24997644198106
1109;BGM-1543;3;7;3;5;2;3;4;5;4;4;1;5;1;5;3;7;5;1;1;1;2;2;2;1;7;3;3;0;4;3;1;5;90;11.96;4.72;2.540581906;18.04;2.35665841452208;26.374466558463;58.7035885462208;6.18753892481935;4.03559442651072;3.36092731674223;5.03314378272628;33.5841132736565;13.797347500397;18.4659061843157;38.5058702925359;1.93278524203294
1114;BGM-1550;7;3;5;3;3;9;3;3;3;2;1;5;1;5;3;3;5;1;1;2;1;0;2;3;7;5;3;0;3;7;1;5;0;13.28;4.32;3.074146341;17.5;1.863333333;29.33333333;66.87;5.12581959149502;4.41119318373229;2.90629932734657;5.56742323893561;33.2189240792328;17.563753809;14.5689155068466;55.370183177051;1.95420541844535
1125;BGM-1574;7;5;5;3;3;7;1;5;1;1;1;5;1;3;3;7;5;1;1;1;2;1;2;2;3;0;3;0;3;3;1;3;70;17.46;4.34;4.031164833;26.54;1.4;24;52.91;6.97432953485507;3.10286992765313;3.37355417155061;5.53156968570555;34.9306259769651;11.9373089563032;18.5798079630577;36.1494561448899;2.06438561131444
1142;BGM-1598;7;5;5;5;3;6;1;5;2;2;1;5;1;5;3;3;5;1;2;1;1;1;1;2;3;0;3;0;4;3;2;5;0;14;3.5;4.000703631;20.96;5.706666667;26.5;54.99833333;8.02592962909471;4.40832558163894;3.37248732088327;6.65823532890496;36.8506786732083;20.3527940881865;26.0297497152818;44.4595319001383;2.04303817699682
1150;BGM-1607;7;5;5;3;1;5;2;3;4;4;2;5;0;5;3;3;3;1;1;2;2;0;2;2;7;5;3;0;3;3;1;5;90;16.42;4.7;3.49373749;21.52;2.35665841452208;26.374466558463;58.7035885462208;6.18753892481935;4.03559442651072;2.33441437055811;5.97807473194416;33.4754551327516;21.5648954520057;18.613419223615;52.5295879687723;1.97613466461766
1155;BGM-1613;3;5;5;3;3;7;1;5;1;3;1;5;1;5;3;3;5;1;1;1;2;1;1;2;3;5;3;0;4;7;2;5;70;12.54;3.7;3.410540102;21.42;2.51;22.75;59.86916667;4.40945616116094;5.24467760571026;3.25155583066587;5.49078200177296;32.9978603312686;17.8412846646519;22.5028770588532;43.2047910743124;1.98685220359925
1160;BGM-1619;5;2;5;3;3;7;1;3;1;3;1;3;1;5;3;7;5;1;1;1;1;0;2;2;3;5;3;0;4;7;3;3;0;12.76;2.66;4.814021164;18.8;2.223333333;29.33333333;54.63;7.97042226842126;4.93022284248585;3.58597236532267;6.26143540544283;35.6879722877894;24.6636022586553;19.5557031502679;52.052051330724;1.66141493349368
1176;BGM-1637;5;3;5;3;3;7;4;3;1;2;1;5;1;2;3;3;5;1;1;1;2;2;2;3;3;5;3;0;4;3;3;5;90;11.4;3.5;3.280281531;16.66;2.493333333;24.625;59.44416667;6.20878976031623;5.05439951534965;3.89895671787278;6.30544605122169;36.3944848626553;18.9973235343608;25.1135469436192;42.2774188025532;1.77000109803668
1184;BGM-1649;3;5;5;3;3;7;1;5;4;2;1;5;1;5;3;7;5;1;1;1;3;1;2;2;7;5;3;0;4;3;3;5;100;14.26;3.84;3.714051491;20.66;2.243333333;23.5;64.16666667;6.15195311318503;4.03663487411378;3.37221032252023;5.71292963435257;36.3180995662911;18.6885716231018;21.4845800216976;48.3791737814859;1.91810113937474
1195;BGM-1667;5;3;5;3;3;9;3;3;4;4;2;5;1;6;3;3;5;1;2;1;2;0;2;2;7;3;3;0;4;5;1;5;90;14.36;2;7.387773411;16.92;1.69;20.08333333;51.34083333;3.9276903542924;4.06935143240941;2.54289713182157;5.47728123657619;35.3397365646159;18.5299963834194;18.4107944176633;50.2938504811907;1.74924294407012
1198;BGM-1670;5;5;5;5;3;6;2;5;3;1;1;5;1;5;3;3;5;1;1;1;2;1;2;2;7;5;3;0;4;3;3;5;90;12.62;3.18;3.976071075;21.34;1.906666667;25.45583333;53.2725;3.52326176119512;3.5541092183429;3.57631000796908;5.57798761926228;34.4508397214891;17.7237235930749;19.0004787668881;44.2385855371471;2.0158643111582
1201;BGM-1674;5;3;5;3;3;9;3;3;4;3;2;5;1;5;1;7;5;1;1;1;3;1;2;3;7;3;3;0;3;3;1;5;70;13.52;3.54;3.84139748;16.92;1.376666667;24.33333333;55.12;7.11124060703605;3.36911040589444;2.62018020657825;4.53555598597288;34.0798296407364;12.6173834887144;16.7634738945692;42.1345713378749;2.28141624353975
1216;BGM-1691;7;5;5;7;3;6;2;5;4;3;1;5;1;5;7;3;5;1;1;1;1;0;2;2;7;5;3;0;3;3;2;5;0;18.98;4.58;4.187493155;29.98;2.15;26;50.62;6.18753892481935;4.60504970760834;2.67393950937333;6.00870419473693;35.1763488041826;21.8470537238502;22.9509729192168;46.5633814681873;2.17170543426111
1244;BGM-1722;5;3;3;3;2;3;2;3;4;4;2;3;1;5;3;3;3;1;1;1;2;2;1;3;7;5;2;1;3;3;1;5;90;10.16;3.42;3.007979581;14.38;2.055;24.89583333;53.255;3.77647993685055;5.18927787949654;3.25004536371399;4.63145364792201;31.1795014986272;15.8180278820209;16.2909202823298;50.9995010517757;1.77542064011259
1252;BGM-1729;3;5;5;5;2;3;4;3;4;1;1;5;0;5;3;3;5;1;3;1;3;1;2;2;7;5;3;0;3;3;2;7;90;15.58;4.96;3.162565943;24.36;2.323333333;30.66666667;57.18;6.15331399425723;3.90666826971476;3.17251748578342;5.43535170452897;34.3423293306017;18.3412675307416;14.7809231011312;53.7321051768432;1.92240850504129
1253;BGM-1730;5;3;5;3;3;9;3;3;3;2;1;5;0;5;1;3;5;1;1;1;2;1;1;2;7;5;3;0;3;3;3;3;80;9.78;3.54;2.77639836;17.12;2.85;22;50.25222222;4.56622033827138;3.55906030163017;3.85404956128704;4.77674972529924;35.3107851477598;15.4612447677791;19.2396916085095;40.3255283185651;2.05654428799558
1261;BGM-1738;7;7;5;5;3;7;1;5;3;1;1;5;1;5;3;3;5;1;1;1;2;3;1;2;7;5;2;1;4;3;2;5;90;10.84;3.52;3.086081871;15.8;2.416666667;26.33333333;64.66444444;7.78461574308053;4.00879301217436;3.18089089373049;5.69873359179014;35.6577514689986;16.9307218788257;15.3397670974933;53.0469100475416;1.87612327056218
1274;BGM-1751;7;5;3;3;3;6;3;3;4;1;3;5;0;5;3;3;5;1;2;1;2;2;2;2;7;5;3;0;3;3;2;7;90;16.02;3.72;4.317808303;23.42;2.35665841452208;26.374466558463;58.7035885462208;6.18753892481935;4.03559442651072;3.17980635156286;4.15147740943562;36.4941973410951;10.7752445886047;17.2112343611235;40.6081481678724;2.07702733319525
1278;BGM-1755;5;3;5;3;2;5;3;3;4;4;1;3;1;5;3;3;5;1;2;1;2;1;2;3;7;5;3;1;3;3;2;5;100;12.28;3.54;3.500004064;22.32;2.716666667;18.66666667;63.93333333;7.82122599756955;3.64364061795483;4.10957036799417;4.75606523866202;35.9440516867978;12.2198188080891;12.1779673106375;51.2611063487956;1.12128213442584
1285;BGM-1762;5;3;5;3;2;9;4;3;4;4;2;5;1;6;3;3;5;1;1;1;1;0;2;1;7;5;2;0;3;3;3;5;0;13.88;2.28;6.183152022;16.34;1.96;19.41666667;56.36083333;3.35910727931595;4.63192649610108;3.31096733499019;4.87476838110469;35.628112792432;13.0385958258689;16.8366766202803;43.3807194621825;1.7439604725131
1289;BGM-1766;5;2;5;3;3;9;2;3;4;1;2;5;1;5;1;3;5;1;2;1;2;2;1;3;7;5;3;0;4;3;3;5;90;13.06;4;3.266882243;20.94;2.443333333;24.08333333;54.80166667;8.05188881657679;3.54623143436101;4.17944913082807;5.36014950681726;35.6873469053884;15.0161207848751;17.3066705725461;45.6331517455588;1.67758661583771
1291;BGM-1768;5;7;5;3;2;3;3;5;4;2;3;5;1;8;3;3;5;1;1;1;3;2;2;3;7;5;3;0;4;3;2;5;90;12.52;2.6;4.886313023;17.92;2.363333333;28.375;62.43166667;8.0299419947043;3.53240029132914;3.71296463523122;6.56216758839172;34.9985634071256;19.1972989698684;14.8004076242712;59.2884278391325;1.70303118690314
1298;BGM-1779;5;3;5;5;3;9;3;5;4;4;2;5;0;5;1;3;5;1;2;1;2;3;2;3;7;5;3;0;3;3;2;5;80;10.8;3.26;3.318348147;18.28;2.316666667;35.91666667;58.25416667;8.06439293142361;3.42843408995388;3.46083924330844;5.55302650909839;36.1527817244434;15.8807801585827;25.4420522123991;37.2945766938325;2.13994404234548
1300;BGM-1782;5;2;5;3;3;7;1;3;1;3;1;5;0;9;3;3;5;1;1;1;3;0;2;2;3;5;3;0;4;3;3;5;50;19.78;2.98;6.63912037;28.32;3.556666667;26.54166667;67.60916667;8.03758726361298;3.83172595998013;2.895934367292;5.70215399013466;37.1286300116752;18.1875554732297;16.5281854335925;53.6491136631151;1.77969276647555
1309;BGM-1818;7;3;5;3;2;8;3;3;4;4;2;5;0;5;3;7;5;1;1;1;3;1;1;2;7;3;3;1;4;3;2;5;90;11.66;3.56;3.286432174;14.6;1.996666667;26.20833333;48.34916667;4.80123526017915;4.17581547480858;3.12377216065674;4.59357047406978;32.0438271516825;12.7717403457944;12.627201895736;50.573896170707;1.75525885608718
1318;BGM-1835;5;7;5;3;2;5;4;3;4;4;2;5;1;6;3;3;5;1;1;1;1;0;2;1;7;5;3;0;4;3;1;5;0;15.68;1.64;9.589803921;19.96;1.41;22.1275;57.63416667;3.78143118951054;5.57277468334316;2.85351495237132;6.51243792078428;35.5384633066461;21.3362406627073;17.6634323137941;53.632115994003;1.80653252681447
1338;BGM-1981;5;2;3;3;3;8;3;3;4;4;1;1;0;5;3;3;5;1;2;1;2;3;2;2;7;3;3;0;3;3;2;7;100;11.02;2.74;4.073846571;11.42;2.35665841452208;26.374466558463;58.7035885462208;6.18753892481935;4.03559442651072;3.54078606651365;3.90450569499761;33.7517442830296;8.67794314012207;15.279744898451;37.8267301158346;1.66862941391547
1341;BGM-2018;7;5;5;3;3;7;2;5;1;1;1;5;1;5;3;3;5;1;2;1;3;3;2;2;3;5;3;1;4;3;3;5;90;13.08;3.86;3.416399535;17.44;2.34;28.66666667;68.31416667;4.5756625066918;4.5575280850591;3.46023111879596;7.29487595293651;36.084252341222;25.6762563570305;23.0278985742468;51.002004069907;2.14932823201096
1343;BGM-2020;5;2;3;3;3;9;4;3;4;1;1;5;1;5;7;3;3;1;3;1;2;2;2;3;7;3;2;1;3;3;2;5;105;13.46;4.46;3.053740409;17.84;1.44;35;36.22333333;8.00801783115683;4.01334126070973;3.01960001468974;7.28330990679614;36.7587052325924;24.995916831903;26.1387411818441;50.4962739494998;2.32512272073835
1346;BGM-2026;7;3;5;3;3;6;2;5;3;1;1;5;0;5;3;3;5;1;1;1;1;0;1;2;3;5;2;0;4;7;2;5;0;14.98;3.72;4.025319958;20.95;2.471666667;27.16666667;62.34583333;7.83489746691657;3.39759660421083;3.30693823578318;5.68256087358296;36.9546219772259;16.7815419202436;15.5688702744057;51.5748004843217;1.73005734032516
1361;BGM-2057;9;7;5;3;3;8;3;5;4;4;1;5;0;2;3;7;5;1;1;1;2;1;2;2;7;0;2;1;4;5;1;5;90;20.04;6.22;3.222855863;33.14;1.866666667;23.55555555;55.69333333;3.83704416943623;4.21397978195377;3.33757976321897;6.11683626862771;31.2031527311041;23.4051062775492;22.8627331894796;50.4284783543043;1.95347251376477
1364;BGM-2060;7;3;5;3;3;9;3;5;4;1;1;5;0;6;3;7;5;1;1;1;1;0;1;4;7;5;3;0;3;5;1;3;0;23;2.74;8.420788531;24.06;1.903333333;23.88888889;61.33888889;4.63656215048817;4.87343394506086;2.67204469531101;5.9888680350602;33.0049092797214;18.2222689274168;10.3118828001373;59.5764904833874;1.57143358369133
1383;BGM-2083;7;5;5;3;3;9;3;5;4;1;1;7;1;3;3;3;5;1;2;1;2;1;1;2;7;5;2;0;3;5;1;5;80;19.18;3.98;4.827727527;29.32;2.79;25;61.32666667;7.97042226842126;3.71126544891851;2.83248646128111;4.86257768523678;32.9351718762424;13.9035439798141;14.078793831284;50.2529342456672;1.70886746236634
1384;BGM-2084;7;7;5;5;1;4;2;7;1;1;1;7;1;2;3;7;5;1;2;1;3;3;2;3;3;5;2;1;3;7;2;7;70;15.2;4.82;3.154402186;23.6;1.98;27;72.86;6.18753892481935;4.03559442651072;3.86148883890848;6.36862097758401;32.9342604874724;22.772897085673;16.0467058346008;57.9571686519302;1.96293216950707
1434;BGM-2157;3;7;3;5;1;3;4;5;4;3;1;3;1;2;3;3;5;1;1;1;2;2;2;2;7;3;3;1;3;3;2;3;90;17.52;5.82;3.01088314;25.74;1.696666667;19.66666667;42.15;4.29904083844094;2.98113078798507;3.53666561011002;4.70668387525112;35.4803640737293;8.61340256486933;15.7309020091077;28.6198483571086;1.75554817869362
1454;BGM-2177;5;5;5;3;3;6;2;3;1;1;1;5;1;9;3;7;5;1;1;1;2;1;2;1;3;0;2;0;3;3;1;5;70;20.74;2.76;7.543402261;26.98;2.12;18.66666667;68.05333333;6.18753892481935;4.03559442651072;3.54408497709153;4.97517167241704;32.8999054165521;14.4799086363981;16.2875286862236;47.7584653938014;1.84254636711824
1467;BGM-2191;5;5;5;3;2;9;2;5;4;1;2;7;1;6;3;3;5;1;2;1;2;3;2;2;7;5;3;1;3;3;1;7;90;22.38;2.44;9.253246752;25.26;1.44;28.33333333;50.68333333;7.8885339283316;3.32809900434952;3.54715232504581;5.1793533059238;35.5247495921296;13.379936103561;13.7217712322728;48.525576943465;1.56592619276485
1472;BGM-2196;5;5;5;3;2;5;2;5;4;3;1;5;1;5;7;7;5;1;1;1;2;2;2;2;7;0;2;1;3;3;2;5;90;23.44;3.5;6.724739652;26.68;1.59;33.33333333;53.96333333;7.87916783307483;3.31572123250199;3.68691134570442;6.58686524222239;34.9483818679976;20.4400122822184;15.6376459375636;58.3599040216005;1.7724699872657
1474;BGM-2199;5;5;5;3;3;6;3;5;4;3;1;5;1;5;3;7;5;1;1;1;3;2;2;2;7;0;2;0;4;3;3;3;90;17.32;3.72;4.667472339;21.84;2.35665841452208;26.374466558463;58.7035885462208;6.18753892481935;4.03559442651072;3.76042507766158;5.62821332382136;34.009883435221;17.5210616231264;18.0813006185109;49.292327183246;1.72305296517636
1483;BGM-2209;5;7;5;3;3;9;2;5;4;3;1;5;1;2;7;7;5;1;1;1;2;1;1;1;7;5;3;1;3;3;1;3;80;12.34;4.24;2.915147426;18.82;2.323333333;25.55555555;59.51888889;4.61247400786698;3.38965224049463;3.61292792206321;5.07866394683391;35.8348131478874;12.1132939979043;14.2424168830567;45.7188419506925;1.86631388349937
1493;BGM-2222;7;5;5;3;3;8;3;5;3;1;1;5;1;5;3;7;5;1;1;1;3;1;2;2;7;0;2;0;4;3;2;7;90;16.36;4.6;3.567231404;27.52;2.35665841452208;26.374466558463;58.7035885462208;6.18753892481935;4.03559442651072;3.41620027860055;5.11868902952942;33.7369879096283;14.7152699223432;15.6489890945613;48.9855685496015;1.69190618285689
1496;BGM-2226;7;5;5;3;3;8;3;5;4;2;1;7;1;5;3;7;5;1;2;1;2;3;1;2;7;0;3;1;4;3;2;5;140;15.3;3.94;3.937972813;24.12;2.096666667;34.66666667;43.04666667;7.80486287045115;3.67158217311837;3.92379869068125;5.83793843718868;36.7664856531044;17.0295147123257;23.1644663126436;40.4765239026715;2.02407999025628
1510;BGM-2244;7;5;5;3;3;9;3;5;4;1;1;5;1;5;3;7;5;1;2;1;3;0;2;2;7;3;2;0;4;3;2;5;90;20;5.52;3.633052632;33.28;2.07;39.33333333;53.38333333;6.05533879065587;3.57238155976827;3.94418903755632;7.12749125560683;35.3543033922107;24.2818205428926;32.7459033564159;43.3650678176901;1.95382811524436
1512;BGM-2247;7;5;5;3;3;8;3;3;3;1;1;3;1;5;7;7;5;1;2;1;1;0;2;2;7;0;2;0;4;3;3;3;0;19.9;5.02;3.968142334;29.02;2.35665841452208;26.374466558463;58.7035885462208;6.18753892481935;4.03559442651072;3.39244177923109;5.64090113407321;36.2676369520647;16.6133534246284;21.11819354232;41.644751557926;1.88428708692477
1524;BGM-2263;5;5;3;3;3;5;4;3;4;2;1;5;1;5;7;7;3;1;2;1;2;2;1;3;7;0;3;0;3;7;1;5;100;16.5;4.54;3.651758828;27.2;1.94;25.5;59.48666667;8.05146286356783;4.03559442651072;2.88678334616514;6.7705875873693;35.9247656234759;21.1225690001494;25.311774010254;42.0451595945972;1.89534677397514
1572;BGM-2354;7;3;5;3;3;7;1;3;3;1;1;5;1;3;3;3;5;1;2;1;1;0;2;3;7;5;3;0;4;3;1;5;0;8.8;1.44;6.157088989;10;2.123333333;29;62.63;7.39414606345494;3.30003512694395;3.34767613413001;5.36819293991657;32.5526403762568;15.0593307792857;11.1841181724859;62.6116022552575;1.71620201711676
1580;BR-11-34-45;9;5;3;7;2;5;4;5;4;1;2;5;1;5;3;7;3;1;3;1;3;2;2;3;7;5;3;0;3;3;2;5;115;15.56;4.36;3.567244678;27.54;1.93;39.33333333;68.56;3.9630593559724;4.03559442651072;3.12073972328296;6.75034719624455;35.9123908870305;24.4244570637474;22.591022328319;50.2954664646166;2.21396739757984
1586;BRS-Amansa-Burro;5;3;5;3;3;9;2;3;3;1;1;3;1;5;3;3;5;1;2;1;3;2;1;2;7;0;3;1;3;3;2;5;100;14.68;3.78;3.897276057;14.98;1.906666667;28.33333333;61.98;5.55532048521747;5.50441731332805;3.60220271790701;8.69710322150294;37.3564533809005;27.5095608801184;28.3249295387292;46.9238754868927;2.31944565018291
1605;CPAFRO-03;3;2;5;3;3;6;2;3;4;2;3;5;1;5;3;3;5;1;2;2;2;3;1;3;7;5;2;1;3;3;2;5;100;15.64;4.04;3.879940053;15.64;2.036666667;31.66666667;51.23;8.05146286356783;4.03559442651072;3.36264792522726;4.96838826383641;33.8468118375499;13.8793435149121;14.1189629567169;47.5267782840527;1.83336198544277
1612;CPAFRO-12;5;2;7;3;2;5;4;3;4;1;1;3;1;5;1;3;3;1;1;1;2;3;2;2;7;3;2;0;3;3;2;5;100;13.28;3.56;3.731582624;17.82;1.206666667;36.66666667;57.13333333;8.05146286356783;4.03559442651072;3.41543052725978;5.68825285596342;33.974383921752;18.3436468991047;19.8100801793225;46.726557301977;2.04672141426829
1613;CPAFRO-13;5;7;3;3;3;6;2;3;4;3;1;5;1;5;1;3;3;1;1;1;2;3;1;3;3;5;2;1;3;3;2;5;90;13.76;4.3;3.222125323;21.12;3.016666667;32.33333333;81.75;6.311938060097;4.03559442651072;3.50893179216648;5.86855801922617;34.617648448544;19.9890557318366;19.0399801739796;44.784609480208;1.8264416022494
1620;CPAFRO-28;5;9;3;5;3;9;4;5;4;3;1;3;1;5;5;3;5;1;1;2;2;2;1;3;3;5;2;0;4;3;2;5;80;11.62;4.48;2.599605943;16.2;1.846666667;25;42.63333333;6.18753892481935;4.03559442651072;3.19053552569674;5.09516932160044;35.4813423293811;14.2521097949684;13.7662015718647;50.7741886471166;1.7229324844919
1625;CPAFRO-40;3;9;3;5;3;9;4;3;4;3;1;3;1;5;5;3;3;1;1;2;2;2;1;3;3;3;2;0;3;5;2;7;90;11.42;3.42;3.372959802;15.3;2.19;32.66666667;54.49666667;6.311938060097;4.03559442651072;3.33681939263596;7.61247370397885;34.7334907082474;17.1721033639858;15.5428518772356;51.6417227305538;1.89722974388457
1653;Secundina;5;7;5;5;2;5;4;5;4;2;1;1;1;5;3;3;3;1;2;1;2;3;1;4;7;3;2;1;3;3;1;5;80;8.2;4.12;2.002147794;7.66;1.766666667;24.66666667;40.04;6.18753892481935;2.76584927341428;4.06942836865093;6.25548975952872;38.1326366882418;21.0723525977625;15.0201428813157;41.2522524427081;1.5612541188493
